Tweet,Label
"@villeichtxx @moonareas aku orang sunda anjing, bkn jawa",0
HUUUUHU ANJING INI TIDAK SEHAT PAGI2 INGIN MENYAYANGI WAWANN PANGERAN KECILKU RAJA KECILKU HUHU ,0
Sekali-kali bilang anjing ra,0
"@AndiSinulingga Dia dibayar buat menggonggong, bukan buat benar dan mengerti, mana paham dia urusan begituan, buzzer itu yg pentng menggonggong, itu manajemen komunikasi zaman now, kalau ada yg kritik soal kebijakan suruh maju anjing piaraan mereka, sia sia komen, kalau saya sudah blokir semua",1
@adikiciw ANJING LEBIH GELI,0
Dimana bedanya dgn anjing ya?,0
1 orang yang ngulah satu kelas yang kena anjing,0
ni cewe anjing banget dah. pasti lo dalangnya kan?,1
APASI ANJING MASIH PAGI JUGA WKWKWK,0
@AndiSinulingga @Dennysiregar7 Mana berani para anjing Peking muncul ditempat terbuka!!!mereka semuanya pengecut!!!,1
@thebanibani Wkwkkwkwkwkwkwk anjing lu,0
@kirwinter Sumpah aku kira foto anjing,0
@SangraKarisma @whendarkness_ @aliefadha13 @bertaruhpadadoa @memefess Bodo amat..anggap aja mereka anjing anjing penjilat yg suka makan taik,1
@nctzhalu Apasih anjing,0
@sojunghwanv MAKSUT LU GA MIRIP APA???? ITU MIRIP ANJING KEREN BGT,0
Brisik bgt anjing,0
"@convomf banget anjing, sukanya adu nasib, kek ga bersyukur ae tu org, sambat mulu kerjaanya",1
duh anjing gatel bgt,1
"Herman jugak, minimal ditolak kek eh malah digunjing ganjing memang anjing",0
@Tita83079013 Kayaknya kalian ini islamofobia..dasar buzzer babik..anjing kalian.. manusia laknat..anak keturunan londo ireng..kapir laknat..,1
@sundastruggle Iya ya kenapa selalu banyak kata anjing sama goblok sia kalo denger mereka ngomong,0
"@kookiesnminily Anjing lo aja mati sana, banyak bacot gada prestasi aja gegayaan",1
anjing lo bangsat sotau,1
Males bgt masuk dosennya kya anjing,1
"@tanyakanrl Diem, muka lu noh gradakan sama banyak komedo anjing!",1
@iwan_mochamad @OposisiCerdas Kalo jadi anjing..jadilah anjing yang pantas di hargai..jangan hanya jadi anjing di ikat lehernya ditambat dikasih makan tai pun dilahab..,0
@ttmymoodb Anjing bocah freak banget babi emosi gw liat muka muka nya,1
@convomfs muka lo gue ancurin ya anjing,1
Ini anak kurang ajar banget anjing lu aja napa yang musnah,1
@_CocoteTonggo_ banyak bacot kau babi,1
Kalau aku gila beneran masih ada yg mau nemenin ga ya,0
@tanyakanrl Bacot bet babi ketikan lu noh benerin dulu https://t.co/5MT5rOoPYs,1
Ini klub bola apa kandang babi.,1
@tololmeroket @mantraahujan si babi pake salah lagu segala,0
@alextham878 Mati juga si babi wkwkwk,1
@blantik_pedhet1 @sutanmangara otak mereka sudah memang benar error' ahhhh     namanya juga otak Babi putih ? hihihihihiiii otak mereka begitu Lae STH hehehehe,1
@audy_cantikkkk Babi dasar Lonte. Kalau tag yang bener.,1
URUSAN LU APA SIH RYAN BABI,0
Menejemen lu kek babi pelit ga mau keluar duit,1
"Nah kalo lu anak LONTE emang nyata, karena akhlak nya gak ada  wajar.",1
harga rokok makin tinggi aja babi gila ga ngotak,0
"keluarga papa w beberapa ada yg emg gasuka ada juga yg suka, bahkan imlek pun gapernah masak babi",0
@aesckiy babi memang,0
grabcar babi gua doain rezeki lu seret sampe lu jatuh miskin anjing,1
@Dennysiregar7 Bacot doang loh bajingan...! ,1
kalian mmg bajingan tolol tolol kek jalan tol,1
"Bertobatlah hai semua bajingan bedebah bangsat yang membenci orang jujur.""",0
sinting lo bajingan,1
yan lu masih punya muka??? setelah lu ngambil crush temenlu sendiri?? BAJINGAN,0
cewe itu gak selama nya bisa sabar ngadepin kelakukan bajingan laki-laki,0
@bluelocx bajingan lo ya,1
@SarteisW Manusia papua tolol tolol primitif babi bajingan gada otak,1
@Sedangaktf @ladodolaredo @detikcom @detik_sulsel Kenapa ga bakar gubernur kalian yg koruptor itu. Bajingan semua kalian yg tega membakar seorang wanita tak bersalah.,0
"@Alovandra_ Tolol bangsat bngt setan satu ini, g punya hati, g ada otak, bajingan, sampah, babi",1
@keuangannews_id @bahlillahadalia kalau pemimpin pandai berbohong mending jadi tukang tipu dan bajingan,0
Orang kaya kontol kontol amat yak bajingan,1
Bajingan jangan jadikan masjid sebagai politik,0
Bajingan kau lukas enembe bukan nya menyejahterakan rakyat tapi malsh menyengsarakan rakyat Papua.. #RakyatPapuaDukungPenjarakanLukasEnembe #LukasEnembeKoruptor #LukasEnembePenjahatPolitik #LukasEnembePencuriUangRakyatPapua #BeritaHoaxPasarSentan https://t.co/nSImh05LMk,0
"@txtdarisisange udah menyimpang, bajingan pula",0
"Sedih banget sumpah kek apa ya orang setulus ini kenapa gua gk bisa sayang ke dia, malah sayang sama org bajingan""",0
"@Alovandra_ Jijikkkkkkk, musnah deh klen duo bajingan",1
Bener2 bajingan kalian.,1
"Ternyataa demi jadi rektor UNS sajidan lakukan kecurangan, dasar pemimpin bajingan. ",0
Bajingan ini manusia ingin mengganti ideologi pancasila Jangan kasih celah lae buat si anies bajingan ini ,1
MALUNYA ANJG INI BTUL BTUL OTW PINDAH PLANET AJA BAJINGAN,0
SARAH BAJINGAN SINTING,1
"@intermilanstory Pelatih bangsat memang ente Inzanah rasa jeruk, klw tdk mampu membawa klub ini lebih baik lagi mending mundur, INTER klub besar bkn klub yg hnya pnya target lolos UCL...",1
anjing lo bangsat sotau,1
bangsat temen gue dimana,0
@keuangannews_id Rasmus paludan harus nya di bakar hidup2 sampai mati gosong tuh si bangsat.,1
@AnthonyBudiawan Memang babi ini negara.. pejabatnya pada bangsat,1
@bajibekasii Mampus lu bangsat,1
@Tita83079013 Eh anjing justru orang2 di Agama KAFIR kaya lu bangsat yg bikin gaduh!,1
@ruhutsitompul Bangsat lue poltak. Moga cepet mampus,1
gw kenapa makan lama bgt yaoloh GW KESEL SENDIRI BANGSAT,0
@fotodakwah eh bangsat lu masih main Twitter orang kafir...,1
Kenapa disebut mantan bangsat? Karena dia ngebangsatin kamu pas lagi sayang-sayangnya.,0
"@Serra332103504 @only_fa_ns @crazy_vest Lu punya masalah apa sama gua anjing, berani lu sini kasih alamat lu bangsat.",0
norak bangsat,1
@jayapuraupdate Bejad kalian semua,0
@sabar_tobing @Babywoosik1990 @MLiaurencia @septiadp @Askrlfess Kalo semua jadi pengusaha.. Trus yg jd karyawan yg ngerjain semua kerjaan lu.. Yg ngasilin duit buat perusahaan lo siapa kocak..???!! Pengusaha pengusaha matalo bejad.,1
@JoenWoen_009 @RMU_ID @aniesbaswedan @KAI121 @keretaapikita @KeretaCepatID @JOkerWarrior02..LUH YANG BEJAD!! NAPA LUH RIBET!!,0
@gibran_tweet BETUL INI SDH KURANG AJAR !!!MORALNYA SDH BEJAD..KETERLALUAN...MAKHLUG MODEL GINI PASTI TIDAK BERAKHLAG ..KLO PUN BER AGAMA .YS CUMAN Di KTP aja..Efek Agamanya sdh ZONK....SETUJU TANGKAP UMUMKAN KE PUBLIK...SDH jadi AGEN FITNAH .INI..,1
@AB_008_ Tampang ustad kelakuan bejad,1
Wooyyy Njing!! ibumu pelacur ya pantesan kelakuan lu bejad! Dasar anak haram!! NovriNawawi ckakakakak :D,1
@ChovaHerman Hukum bejad pelindung orang bejad pula,0
"@pengarang_sajak said didu, blo on banget narasi loe.. coba diskusikan ama grombolan bejad loe.. mgkin kasih ide lebih blo on drpd loe.",1
"@BosPurwa Kades Bejad,kelakuan bobrok,mau minta nambah 9 taun.",1
@aniesbaswedan MULUT LU CAKEP NIES. KELAKUAN BEJAD,1
@japoetaa @tanyakanrl Biasanya anak gitu tergantung orang tuanya. Sama sama bejad sih biasanya. Jadi ga aneh klo anaknya gitu,1
"@papa_loren Pantesan g pernah mikirin rakyatnya,wong kelakuannya bejad gitu",1
Gila sih nih anak bejad betul,0
@AswanaAktivix @Yurissa_Samosir penampilan sich agamis tapi kelakuan AMORAL DAN BEJAD dasar kaum.munafikun..fery wirawan hukuman mati telah menantimu.!! Hukum kebiri pantas buat kalian!! https://t.co/A3bMZktc1T,1
"@PadmavatiPrati1 Dasar muke gila! Predikat bertolak belakang dgn kelakuan, bejad!",1
@Ndons_Back Kalau aku sdr nya.pasti kubantai pelakunya manusia bejad oersis binatang .umur bukan alasan manusia utk manusia bejad seperti binatang ini..,1
KIAI INI BENAR2 BEJAD! BIADAB!,1
@mossad882 @narkosun__ @memorysongs2022 Gerombolan kadrun... Kaum bejad gak bermoral.. Kalian lebih rendah dr kafir.. Kaum munafik seperti kalian pantas jd kerak neraka.. https://t.co/PaUYHEauCA,1
Dasar otak mesum dan bejad kau!! ,1
@MonsterCebong69 Bejad dan tak bermoral!,1
Cowok ngeselin lu brengsek gue kesel banget ascend elu dan setekh wenut dan pupa bajingan lo anjiingggg. https://t.co/NAqrQphE3k,1
@frecklescars meliburkan diri lo brengsek???,0
NGOMONG APA SIH BRENGSEK ðŸ˜­,1
"@binzumi fak COWOK BRENGSEK, aku akan tetap MEMBENCIMU.",0
@echimbul BRENGSEK DIEM GAK,0
sumpahh dan lo beneran brengsek bgt,0
BRENGSEK AAAAAA AWAS AJA KALO KETEMU,0
@haechanreo BRENGSEK diam gak,0
@quiwll @ssefnum brengsek lo pencemaran nama baik bgt,0
@convomf ya gimana ya ni ondel ondel brengsek gue udah naik motor dia nyolek gue,0
@FWBESS DASAR COWOK BRENGSEK KAYA ANJING. EMANG BENER SEMUA COWOK SAMA AJA BRENGSEKNYA,0
BRENGSEK GUE KETAWA BGT WUAKAKAKAKAK,0
@bersxhka BRENGSEK LU,0
@lazsitude @crestfallein emg lo cuma mau enaknya doang ! cwk brengsek !,0
@Askrlfess Eh goblok? mikir sia teh bahlul! Udh mau tunangan means your age above 17 taonn OTAK DIPAKE JANCOK GOBLOK BAJINGAN BRENGSEK,1
Lu tuh minimal kalo udah jelek jangan jadi brengsek,1
BRENGSEK BANGET LU ANJ,1
kata gue LO ANJING BANGET SPAM GAJELAS BABI BRENGSEK SAPA SIH ANJING https://t.co/7U99AEItP3,1
@ndlsel brengsek lo,1
susah kalo udah punya penyakit BRENGSEK sejak lahir.,1
"@AB_008_ @BosPurwa @loegie Dan @BosPurwa auto picek , auto budek hahaha.. pengangguran dan si picek berkolaborasi",1
"@convomfs Engk. Siapa tau dia budek, jadi butuh bantuan bibir sebagai pembimbing wkwkwk",1
@almayangdz pura2 budek aja kalo diomongin tetangga,0
"@elang_kadrun @yayatnoer Udh tolol, budek pula",1
@bibliakronos juri nya budek sih,0
@overcontrolneed Rugi ngomong sama orang budek... Hahahahaha....,1
@mahkota43990861 Buzer Anies lagi pada mencret atau pura2 budek,0
@PSSI Budek ya ga denger kritik,0
emosi baca replyan nya. kalo emg udh kepala batu dan budek ya gitu,0
@InfosuporterID Emang pada budek,0
"@teydae @hxcaramel Kaga usah pura"""" budek, pura"""" buta.  Lo gk denger dh 2thn yg lalu oppa lo ngajakin jmin collab. Udh gblok ngetik lgi",1
"Gila bgt supir jaklingko nyetirnya kagak bener ajg, mana budek pula",1
@alureesinss Stress enakny setel lagu ampe budek,0
@taeijoijo Jelas2 gak ada yg ketawa pas dia lawak WFH. Makanya jangan dengerin Hoseok mulu. Budek deh lu.,1
"semua BUDEK gak mendengar .!!!""",0
@zoelfick @DivHumas_Polri Pada budek apa gimana sih @KemensosRI @kemkominfo,0
Kuping lo budek ya mas.. ,0
"@herzavinadp @shantiayuamelia @Askrlfess bedanya cuman ga buta map, matanya ga buta tapi telinganya budek sama rambutnya ga ijo",0
"@kegblgnunfaedh Bolot pura pura budek aja bisa kaya raya, lah gw budek beneran kapan kaya nya",0
@ddeonusynk k-mesin mau diperingati juga gabakal nyaut mereka budek,0
"@MarethaREGIS @hirediox @tanyarlfes Kondisinya mungkin buta huruf, tapi klo ngetik di twitter bisa",1
@arie_gin_2 @Miduk17 @Miduk17  becong....tipuu2 rakyat pake sembako. Monyet.loh buta,1
Buta yang paling buruk ialah buta hati.,0
@aeontargareyn @Dennysiregar7 BuzzeRP buta mata buta hati dan tuli sampe dengkul2nya.,1
@imurkyau @uinwsfess Buta huruf bisa kak atau bahkan buta keadilan bisa juga,0
"@tumbelina_88 @uinwsfess Yang ngedate buta kak, buta keadilan misalnya",0
@abnormlr buta matamu ya,0
@tsu_basha @msaid_didu @RMU_ID @ForHumBUMN @keretaapikita Hadehhh puraÂ² buta dasar cebong dungu,1
"@Ariefkasam2 @Relawananies Mata kau buta mungkin ,,tu si ubanan gimana tuh...bagi bagi sembako juga ....mang aneh ...kalau kalian benci tunjukin tuh kemampuan jagoan mu ...jangan tau nya nonton bokep aja",1
"@nurulaminhamid Ko mmg bodoh... Dh buta mata .tk leh bezakan perbuatan Salah yg ko duk taja... By the way, neraka kirim Salam",1
Taun ini gua bener bener emosi sama satu kantor. Makan gaji buta mulu lu orgil.,0
@SyedAkramin Apa punya musibat @MPKajang dasar makan duit haram gaji buta,0
@imyourmafu mata lu buta kali https://t.co/a9AzjLNqM2,0
@musniumar Telingamu tuli matamu buta Mus demi ... https://t.co/vgI8N9RKtT,1
@Agusta_515 Kasian anda buta mata,0
Tuli apa buta yaa udh berkali-kali dikasih data tentang pembodohan ini msh aja dikerjain,0
@YadinMars @DrEvaChaniago buta loe!!!!?,0
bangga sama diri sendiri karena biasanya buta arah,0
"Kan gue bilang semoga goblok, baca tuh pake mata tolol buta kah mata lo",1
"Beda sih kalau udah buta. Apa yang dikata apapun, pasti BUDEG",0
"Ada yang buta map juga. Bangke memang anak-anak polos""",0
"manusia sudah terlalu buta harta dan tahta,, mereka  lupa ketika mati yang menguburkannya juga manusia""",0
@Polaris_0404 Oh iya bener si buta dari gua hantu!,0
"@Android_AK_47 Beginilah kalo Rakyat berhasil dimiskinkan.. buta politik dan kelaparan, akhirnya recehan pun ditelan bulat2.... https://t.co/UcsmuEJ6E5""",0
Kenapa bisa hal yg paling penting begini mangkrak selama 6 tahun?? Kemana dan apa yg di kerjakan Gubernur sebelumnya? Buta atau tutup mata? Punya waktu selama 5 tahun tp tdk di kerjakan,0
@kangjo2014 @Dennysiregar7 Walah... Singapore matanya buta dan tuli berarti ðŸ˜‚ðŸ˜‚ðŸ˜‚,0
"buta kok bisa lihat mana mobil mana sepeda. keep smile :)""",0
hasil tadi pagi pagii buta https://t.co/F5lUh7122w,0
@nilourv MAKSUD AKU TADI PAGI BUTA BERANGKAT NGAMPUS ini dah balik pulang :(,0
@giatarigan @AnggaPutraF Hati2 mas tukang ngopi terlalu cinta buta jg bisa gila,0
openfollow for rp yang setuju ama rl behahti ahyougnk kek begini ngaku cecan berarti lo BUTA HAHAHA https://t.co/PDeLzLkXEt,0
"@mazzini_gsp @ListyoSigitP @DivHumas_Polri nyawa murah banget nih maen asal tabrak aja sama anggota lu buta apa gimana pak @ListyoSigitP @DivHumas_Polri @jokowi
",0
"Demi menghormati Abdullah bin Umi Maktum, Rasulullah Saw. selalu berdiri tiap kali ada orang buta yang lewat di hadapan beliau",0
"@kegblgnunfaedh Pura pura tuli , pura pura buta semuanya",0
"Gak usah buta dari keburukan orang. Udah buta, malah bela yg salah""",0
"BajinganÂ² bersorban yg memakan banyak korban, buka matamu, jangan puraÂ² buta ya ? https://t.co/Y5RXToHiHS""",0
@AkuAtikaFaya Orang yang buta hati nya tidak dapat menilai seseorang dgn obyektif. Orang yg tidak bisa dijadikan panutan ucapannya banyak salahnya.,0
Cinta itu buta walaupun dia menyakitimu berkali-kali pasti rasa sayangmu padanya tidak akan berubah.,0
@MARQUEZ__93 @mahandi22 Lah mata lu buta...?,0
"@MilanEye 7 gol 2 match terakhir, klo pioli ga ubah pemain, fix sih ini org buta",1
@_yabegitulah Gak geblek sih kak. Kebetulan orang baik yang lagi sial aja.,0
@maychocomint2 WKWKWKWKK GEBLEK BGT SIANG2 MINUM TEQUILA,0
"@kdrama_menfess Lucu banget ini asli, sekelurga geblek semua, ada aja kelakuannya",1
GEBLEK GW NYENGIR  https://t.co/W7YOBOmoHD,0
nabil tolol ih ah geblek lu,0
@yasminazafira @daraprayoga_ @aisyhsonyia filternya geblek,0
@CELENGxISABELLE YA GIMANA AKUNNYA RUSAK GEBLEK,0
"@fthasya_ Beneran penulisnya anak piyikkk ini, apa Jan jangan penulis lagi bales dendam tentang kehidupan real nya dia, trus dilampiasin ke cerita ini, geblek betol",0
"terkadang konten yang kita buat udah bagus, tapi algoritma platform aja yg geblek",0
@adit_youtuber geblek lo mah dit,1
"Pemainnya bodoh, wasitnya tambah geblek",1
"@MiskinTV_ Geblek netijen, orang mau flexing tas Fendi Ahmad, malah komenin korek tokai.",0
elu yang sok iye geblek,0
"@Dennysiregar7 Ngk percaya sy,kl org yg dimaksud bodoh,masak mntan penjabat dibilang bodoh,kl dibilang geblek sy percaya",0
geblek bgt ya udah 3 tahun tapi utang puasa gapernah dibayar,0
@Jeiino1 Di jaman begini anak sultan kok bisa ilang sampai tahunan...geblek penulisnya,1
"Bimbingannya haha hihi doang, maluu geblek, diketawain kaprodi lagi",0
@Dennysiregar7 @AndiSinulingga statement lo udah kayak yg paling ahli ekonomi aja gak sesimple itu kali menganalogikan negara susah sih klo otaknya cma sjutaan ama 300k haahh geblek!!,1
wkwk geblek nobar konser online di bioskop. mending lu pasang layar tancep aja di kamar lu pake ngide di bioskop ,0
sumpah geblek bangetttt lu nau,1
@susuultramatcha Geblek ya lu apa perempuan ama laki sksksk,1
@gojek24jam Si geblek bener2 manusia begini enakan dimusnahin aja,1
"kalo yg ngomong gini fandom adem ayem sih gapapa ya, LAH INI????? fandom lu kan tukang war juga geblek, tukan ikut campur urusan fandom lain pula. NGACA TOLOLLLLLLL",1
@Askrlfess geblek pisan manusia ini,1
@9313Wak Perempuan geblek...,1
"@an_ti_ka_drun Ini orang makin lama kenapa makin geblek iya jangan"""" Kesambet juga",0
@Askrlfess Geblek amat dikau saya terheran2..,0
hasil foto gw hri ini miring semua geblek,0
"@Paltiwest Cebong memaknai tulisan aja gak nalar, geblek.",1
"Udah tau punya lambung, malahan makan makaroni bantet yg ekstra pedas. Perih kan??ðŸ¤£ðŸ¤£ Emang bocah geblek",0
Kamu yang geblek,1
si geblek bukannya bimbingan malah turu,0
@inikaye super sekali sabda anda mas geblek,1
"Geblek banget akuuu, lupa kalo akun twitterku ga tak kunci, main share skrinsut beserta nomor HP Ibu, alhamdulillah ada orang baik yg ngingetin",0
Dari utas tweet ini hampir semuanya persepsi dari data pak @prastow .. seolah pintar padahal geblek .. pantes saja asupan persepsi ke tuannya ditelan mentah2 seolah2 kritik bagus padahal dodo,1
@hppytoseeu Aku lebih kaget pengeluaran makan siang bawa bekal atau beli sama aja. Join geblek moment,0
Ihh ini mah keren! Yg ngehujat aja geblek,0
@AREAJULID Emang dipikir ngurus anak ga pake otak? Geblek!,0
"@MomoGembul Geblek, ngerusak reputasi.",1
@nusantara_one Tolol boleh tp jgn geblek bos,1
"@srolomon Wkwkwk gembel banget ya, untung jadi dipungut acteur.",0
Emang udah bener belio ini dibikin seperti gembel,0
@feldgrav @AREAJULID Klo kita suka lama mikirnya gembel,0
Fix besok w akan terlihat seperti gembel di antara mba2 sudirman,0
"@Gagak_mati @BanG_BoLoN71 Gembel warnet lagi seneng""""nya twitteran.",0
@txtdarigajelas Wkwkw gembel disuruh berenti susah amat,0
@Maikelaja2000 Neraka atau surga urusan Allah Dun ( Kirdun) elu mau tau arti kirdun? Artinyq MONYETT dan itu elu.  Paham MONYET GEMBEL. Lagi susana duka masih aja lu Nyet komentar Rasis. Dasar Monyet  Pecundang luhhh!!.,1
pernah tapi gajadi soalnya takut jadi gembel,0
gembel tipo lu jelek,0
Gembel banget dih nih orang https://t.co/RBthKKooPK,1
@faIsetoss kek gembel,0
"dkit2 nangis, dsr mata gembel",0
@keuangannews_id Ini mah gembel bukan habib,1
@temanduit Ohhh..ini gembel Yach...pantasan,1
@DumpalCandi17 lah...gembel goblok.,0
"Tanpa ibuk, lo itu cuma duda ngrantau gembel anjing",1
@kaijuunomarch Ganteng gitu dibilang gembel,0
ada ya yg bangun tidur langsung cakep:D coba gue kalo bangun tidur.. persis gembel,0
@teqknik @moonareas gembel anjing skola lu,1
@democrazymedia gerombolan cebong gembel,0
@CecepLagi @andikspj123 @ruhulmaani Wkwkwk cuma babi gembel yg lagi halu. Maklumin aje om. Kalo ketemu di jalan jgn lupa kasih dia 2 ribu om,1
Gembel gembel gini cakep sih.,0
muka spek gembel gini aku pernah di tawarin main film bareng sama dilan,0
"@iridescrent Siang, bang. Denger denger sekarang gembel?",0
@bachrum_achmadi @ch_chotimah2 Hp mu sdh kau ganti dgn iphone 14 pro max blm rum ? Aahhhh gembel lemaahh,1
@kurawa Omongan dan twitt luu sama dengan Kentut gembel...,1
intinya sesuaikan aja kapan harus ber-style dan kapan harus gembel,0
@C75162840 SERU ANJIR WALAU SUKA DIBILANG ANAK GEMBEL SAMA EMAK SENDIRI,0
"@detikcom Gak cocok kalau tampang yg naiknya model gembel taliban seperti itu. Orang pasti ber-tanya2, habis ngerampok dimana?""",0
halo gembel,0
"@ruhutsitompul Tompul 2 kasian gue leat lu,udah gembel maksa pulak...tompul kpn lu jadi org baik ya,klopun lu jd org baik kagak ada yg percaya deh.""",1
@panggilajaputii ga gembel dirimu putttt,0
@fahryasn keluarga gembel,1
Mati saja kamu,1
@BantaniHery gembel begitu ..siapa yg simpati,1
"@cokecainee_ kalau miskin jangan banyak tingkah pola makan nya, udah tau lambung gembel",0
"@adityajuliannn Orang-orang gondrong keren bgt, giliran gue kek gembel",0
Tertibkan gembel yg duduk di jembatan penyebrangan (dekat Citraland) https://t.co/j883vUs795,0
Gak usah komentar pak @KPU_ID @bawaslu_RI .. daripada jadi gembel,1
@akbwarrrr Gembel darimana nih,0
"Gila boros banget kuota beli awal bulan, tanggal segini udah 100GB lebih yang kepake",0
@Askrlfess Lo gila ya,1
gila ya simulasi siaran!!! gila!!!,0
ada gila gilanya ini cowo https://t.co/Q1AinWxdf9,1
@HisyamMochtar Orang gila aja masih ngejaga sholat...apa lgi ini mesjid..,0
@sipnosislife @Jeiino1 @Gitasa725 Orang gila ini msh aja hidup,1
ade aje pagi pagi kelakuan org gila https://t.co/nRUUMuh3RW,0
"@ximsunwoo AKU BISA,,, AKU PASTI BISA,,, bisa gila",0
orang gila wkwkwkwk https://t.co/fJv9HywA8G,0
"@tanyakanrl Lah, itu bilang sendiri ngumpulin modal nikah susah. Terus biaya anaknya gimana? Cmn crot beres kah????? Gila",0
"@fajarriidwan AAAAAAAAAAAAAAAAA BENER BANGETTT, SUMPAH KEREN GILA SIH, SATU BIOSKOP KEKNYA NANGIS SEMUA PAS ENDINGNYA",0
"@dayatpiliang Di bilang """"tunggu kau gila macam mak kau",1
@jayapuraupdate gila anjing,0
Mimimal waras jadi gak gila kaya begini,0
"gila memang aksi korporasinya, ilfil banget",1
@starfess udah gila kali,1
@UMonline Makin sesat lebai gila ni,0
@JennyJusuf Cryyyy tbl tbl tbl gila nih mamaknya sih parah bets,0
"bisa bisanyaa nanya kabar, ya jelas gue baik baik ajalah gila kali",0
"@littlepoenies ??? gilak, udah judes + anger issue + gila juga, km dh komplit bgt masuk arkham asylum",1
Kalau aku gila beneran masih ada yg mau nemenin ga ya,0
lu gila y https://t.co/lqCJPEZe7F,1
@biawaque @SeputarTetangga Masalahnya makin dibiarin makin gak tau diri. Lagian rumah itu privasi orang. Gila aja main masukÂ² kawasan rumah orang tanpa permisi. Etikanya dimana? ,0
@bigbabytoma Gila emg sombong bgt ya laki lumut 1 ini??,0
@painstaked Orang gila itu adalah mantan elu,0
@paleblueye_s KAYANYA KITA BENER-BENER MIRIP ORANG GILA SEMALEM,0
"@convomfs kerenlah, org gila kalo masih ada yang ngehujat",0
"@JennyJusuf ibu nya kek nya harus belajar lagi dah buat ngurus anaknya, kasihan dedek nya tapi kalo ini cuma buat konten tiktok doang gila sih ibunya""",0
ternyata diajak main sama orang gila,0
WIBU GILA ANJINGGG SETRESSS UDAH GA KETOLONG KONTOLLLLL,1
DAH GILA ANJIR STRESSS,0
PD gila nih tua bangka,1
@Najwalav Semoga makin gila,0
@querenseeyaj yg bener tu makin GILA jir udah gak waraz,0
gue nonton island terpesona dengan ketampanan eun woo kaya GILA LU CAKEP MAKSIMAL TANPA CELAH,0
"dih gila banget, manusia paling gila.. sadar tee lo tu terobsesi banget bodoh",0
gila yaa setahun berlalu cpt bgt. kynya baru kemarin aku mau persiapan magang mbkm:(,0
"Kalo cerita ke orang suka oversharing , kalo dipendem terus takut gila , jadi luapkan saja wkwk",0
Udah gila nih orang sebelah jam setengah 3 pagi orang jenguk in org sakit mana rame rame anj,0
Nunggu chat kek orng gila,0
"@ekowboy2 Terpilih utk apa?? Koalisi belum jelas, tugas Anies makin berat lebih lagi punya buzzee goblok kaya kamu",1
@Dennysiregar7 @AndiSinulingga Perumpamaan yg goblok..!!!,0
"@tanyarlfes LG. kalau dipikir2 w goblok bgt sekali ditawarin sm salesnya lgsg mau. bahkan disindir """"wah pinter ya anaknya pak hehe",0
"@ginanjar_yp @kiputmoza @midhangste @msaid_didu Elo gak bisa baca, mksd rakyat yg mana neh rakyat kadrun apa anies? Kan gw tulis gt, eh elo masih goblok juga dan sok pinter pula",1
@SantorinisSun @JohnAquinoo Ditipu china masih dibela2 jg.... Pada goblok ya,1
@Askrlfess orang kok betah banget jadi goblok,0
"@jayapuraupdate anjing.. dibakar, gila ga ngotak cok.. apa gitu yg lewat di otaknya sampe kepikiran """"bakar aja uda"""", kek.. itu manusia juga cok goblok, mana belum terbukti sebagai penculiknya lagi. kusimpulkan mereka tak berotak nan tak berakhlak https://t.co/YDj0Ho7Vt2",1
"Udah GOBLOK, TOLOL, NGERUSAK juga",1
@TuAdhi79 Bapak yohanes memang goblok..lupa apa di kerjakan,1
"@convomfs aneh, goblok kok dipelihara",1
@JennyJusuf Goblok demi konten apa gmn ajir,1
"anjing gue make sunscreen dikata lebay""""an???? KANKER KULIT GOBLOK ANJG",0
"@Dennysiregar7 @AndiSinulingga Goblok banget ya allah, kok ada org pikirinnya nyungsep kyk deni gini.",1
Ih goblok lucu banget https://t.co/ZaLGJgVoSy,0
@tanyakanrl apa emang lo aja yang goblok,1
@Mz_AdmiralVmdlz @xxxx_ayy Ya itu elu si goblok tolol,1
eh goblok ya lu,1
@JUSTshortsNOW @jayapuraupdate Namanya jg orang2 goblok kak lebih mendahulukan emosi dri pda otak eh tp emg mereka punya otak buat mikir?,1
@rezhend @hipohan Lu yg goblok.. jokowi sampe di bohongi. Termasuk lu d bohongi. Jadi goblok,1
@Jhony6565 @ruhutsitompul Nama akunnya manuasia anti hoax...dia sendiri bikin video hoax dasar otak nya ga da ini lah yg nama nya manusia GOBLOK alias TOLOL,1
@kegblgnunfaedh Stasiun tv dan mayoritas penontonnya lebih suka ngeliat orang goblok,1
"@CttnDmkrs Apalagi lah poni ini... Terlihat sekali goblok nya sudah. Anda di undang tv one hanya karena kebodohan saja. Teori tidak ada, bilang org bilang pake prasangka. Fakta empiris tak mengerti. Ya tuhan",1
@Askrlfess Ini sender yang goblok tai ngentot atau gue yang ga paham dunia orang dewasa sih,1
"goblok dah, baju dia aja gue cuci",0
"ngobrol sm org pinter emg ga nyambung ya, antara dia yang gatau maksudku, atau aku yang terlalu goblok",0
goblok goblok lo goblok,1
mff yh mm anakmu selain goblok ini jg bnran goblok gabisa bedain angka,1
@abu_waras lu kalo share video yg bener goblok. jgn ada watrmark judi segala blok,1
Target channel tv indonesia itu orang-orang goblok. Harap maklum.,1
@Julian303 @Dennysiregar7 ðŸ¤£ðŸ¤£ðŸ¤£ðŸ¤£ðŸ¤£ loe sendiri goblok ngatain orang...goblok loe,1
@musniumar Sistematis kepalamu peang Goblok,1
@OposisiCerdas Rezim jokowi ini puncak kejayaannya orang2 goblok..,1
aku lupa tadi sore aku ngerendem baju goblok sialan ya Allah tolong hamba mu ini ya Allah,0
goblok dikira gua gabisa kali tinggal bilang apa susahnya,0
"@tanyakanrl heh goblok, lu kata anak dibikin doang gak dikasi makan?",0
@BangBenzol @Imamieerde @HanastiNasution @Gonggo45668754 @msaid_didu goblok jgn pamer napa...apa tenaga kerja semua asing tolol,1
"@alah_gadang @regar_0p0sisi Ya bawa parang sama bawa hp itu beda, goblok!",0
"@folkindco @jurgenholic kamu kenapa sih anjing, prestasi tim gitu gitu aja songong, gada fansnya gada uclnya sok mau nyenggol liverpool tolol, eh goblok city itu kalo gada minyak sekelas norwich, pemain kek ireland aja dulu masih kepake.",1
@Generasi_MudaNU Tambah panjang jenggotnya tambah goblok,1
"Ya gimana ya, dia kan emang aslinya goblok, modal bisa akting nangis aja dia makanya jadi terkenal",1
emg banyak yg jadi jelmaan iblis tau skrng,0
"@Pai_C1 Kaum yg suka bawaÂ²  nama Allah ,merasa paling punya Allah, sebetulnya mereka ini adalah iblis bersorban",1
"@FFOODFESS Mie iblis lv 3, udang rambutan/siomay ayam, lemon tea",0
@susipudjiastuti Benar2 sadis melebihi iblis..!!! Polisi hrs mengusut kasus ini sampe tuntas dan menghukum iblis2 pelaku pembakaran dgn hukuman mati.,0
@PASPusat Hahahaha susah hati Lebai kalau musuh berbaik...... ini tandanya dpt didikan drp Iblis,0
"Ketika iblis gagal membuat seseorang menjadi jahat, maka dia akan membuat orang tersebut merasa paling benar.",0
@abu_waras Karena kesombonganx. Iblis saja keluar dr surga karena sombong.,0
D depan kek angel d belakang kek iblis iyaaa itu lo kejora dasar cewe bermuka 2.. dy yg mnta toing shabatnya ehh dy juga yg ngmgongin jlek shabatnya.. heh punya otak lu. Heran deh napa morga mau ocran am cewe jadi2 an kek lu! Buru putus deh klian berdua..,1
@nikolaigogll @convomf lu kyk aan(jing) jgn2 lu hbis nnton bokep raja iblis,1
@muannas_alaidid Harusnya hukum mati Krn makan uang korban ...dasar iblis,1
@blank0429 Iblis bertopeng manusia.,1
"@JUN062022 @zarnaout45 Husstt,, IBLIS TERIAK IBLIS...malu ah Aib diri sendiri diumbar di sosmed",1
@FuadAkhmad @Tita83079013 @aniesbaswedan Dan hanya org goblok yg mau jd pengikut si manusia iblis dajjal si @Tita83079013,1
@henrisabastian1 @Fita_Shanty Kalau cerdas berarti kamu bagian dari pengikut iblis,1
@BosPurwa Iblis pun tidak begini kelakuannya.. manusia emang lebih iblis dari pada iblis itu sendiri,1
@FFOODFESS iblis level 2 dah cukup,0
"@Saka17072857 @jayapuraupdate Ga ada SDM JONGKOK,CUMA OTAK NYA ISI TAI SEMUA kerjaan iblis mau cari pembenaran.",1
@star_tilo @susipudjiastuti Sering kali suatu daerah terjadi bencana karena Tuhan menghukum manusia setengah iblis. Karena perilaku tidak manusiawi,0
"Pengen deh punya temen yang sefrekuensi, sayangnya temenku disini spek iblis",0
@jayapuraupdate Manusia2 biadab. Ga usah ngaku punya Agama klo kelakuan kayak iblis,1
"@jayapuraupdate Manusia berhati iblis,, ingat!! Dunia hnya sesaat,, akhirat menanti mu wahai kaum zalim.. siksa alam barzah lebih pedih dari kobaran api yg skrng kalian lihat..Allah melaknat kaum yg membunuh sesama nya..""",0
"@jayapuraupdate Menuduh orang dan menghakimi orang, kalian semua tidak punya Hati, kalian bukan manusia, kalian iblis",0
"@PSV KLUB DURJANA, PENGGHUNI NERAKA PALING BAWAH, PENYEMBAH BERHALA, CERMINAN IBLIS",1
@GeiszChalifah Ahok itu iblis berwujud manusia,1
@illucmid AGAK ADA MUKA MUKA IBLIS SIH GAPAPA INI JUGA OKE LU PAKE MUKA SOPTIE AWAS LU JANGAN NIPU WARGA LU,1
"@mediapemberani Akun iblis, senang menyerang @HRS",0
Kalau bukan perangai Iblis.. perangai ape kau?,1
"Mohon maaf, saya pertama kali emosi di sini. Saya sedang tidak bisa menahannya karena pengirimnya benar-benar jelmaan iblis, mungkin.",0
@Sayadicky9 @bass_kaa @swaxua @krnagf Nie akun2 kyk gini slalu muncul disaat ada ajang vote atau lagi2 saling saing antar group. Trus muncul bak malaikat dan setan pdhal iblis.,0
@jayapuraupdate Manusia2 iblis gak ada otak,1
"@ruhutsitompul Sbutan habib g pntes! Sbab dia gk lbih dr seorang penjahat yg menyesat'kn bnyak org, otak'ny cuma buat cengkal kepala doang slbih'nya brhati iblis! Yg terkutuk jahanam! Jijik gw ngeliat'ny",1
"@geloraco Muka nya aja kayak iblis ,,,matiin aja lah setan satu itu",1
@Nityaafh diam km iblis,0
@RiryparasE Iblis aja minder liat kelakuan kaya lo,1
@yusuf_dumdum Kenapa iblis ini benci sekali dengan agama Islam.. Hey yusuf goblok agama lu apa bangsat,1
@aleoliolio Hshshshhs iblis aja lebih baik,0
"@tvindonesiawkwk Manusia ya Manusia, Malaikat ya Malaikat, begitu juga Iblis ya Iblis",0
"@Ultramilekmileq Mereka mah udah bukan iblis lagi, setara Dajjal keknya bejat bgt",1
@tanyakanrl pelaku nya harus dijatuhi hukuman seberat beratnya dikarenakan bibit iblis tidak bisa dimaafkan karena kedepannya akan tumbuh sebagai iblis.,0
anjirr ini mah udh level bajingan tingkat iblis,1
"@RamadhanRenwrin @AdhitraAndris Ga bisa percaya sama orang yang ngomong """"si paling"""" udah pasti idiot.",0
@SnrtTigor @txtdarigajelas Aku lebih ke idiot sih,0
@siswosartono @AndiSinulingga Bukannya jokowi yang dulu bilang Nolak utang dasar babi idiot elo,1
"Ga terima lu, idiot?!",0
Beberapa orang lebih milih buat jadi idiot dibanding mikir pake otak,0
"@alah_gadang @regar_0p0sisi eh gblok, klo bawa sajam di jalanan ya udh jelas 90% kriminal tolol. bocil idiot, pemikiran tolol, argumen gajelas. kontol",1
@modernfutsal stop idiot lah Kap anjjggg,1
Haha ... Luar biasa fenomena unik idiot yg berpidato dan bermasalah ini serta para idiot yg sedang mendengarkan pidato idiot yg bermasalah ini,1
@sushisyulit @richardo_erika @convomfs ketikanmu kek orang idiot dikasi pegang hp,1
@aIaskawashere lu tau ga sih cewe cewe chindo lugu lemot idiot gitu,0
@msaid_didu Jangan dikasih data pak Said otak desi nggak nyampai karena dia idiot,1
tolol idiot jiji bgt saluna tolol menye menye bgt geli,1
"@pecintakucciing Makanya punya otak dipake idiot, pannchoa kok dipercaya https://t.co/cSZhStKinr",1
mau liat manusia idiot gapunya akal? nah ini,1
@MiaCathell IDIOT! Sakit jiwa,1
@LaJaya75536516 @musniumar Woii blok goblokkk... Kadrun Goblok idiot ngatain orang Goblokkk..... Otak lo cuman seupil makanya gk bisa mikirr...,1
"@pembela_rakyat_ @Kendesu12 Fakta kau bilang fitnah tolol,klo kasus itu fitnah naapa gak ada yg melaporkan si firza dari pihak rizik,setidak nya anak dan istri rizik lah lapor kan si firza,dasar otak kau idiot bin tolol",1
@uncapple @beauteepage @tiwinisacha lebih ke idiot sih daripada autis!!wkwkkw,1
@natanattda BenerðŸ™ƒ mana ngga paham sekonyol apa mukaku waktu liat mas crush lewat. Belum abis itu senyum kek orang idiot https://t.co/eaXXpG1KUm,0
SUMPAH LAH BENER2 KAYA ORNAG IDIOT ANJ,1
gue dulu emang rada idiot sih,0
"Idiot secara teknis orang dewasa dgn usia mental di bawah 3 tahun, sementara orang tolol adalah orang dewasa dg usia mental dari 7-12 tahun.""",0
@JennyJusuf Ini antara sakit jiwa atau idiot gak sih?,0
GOBLOKKK BGT IDIOT TOLOL BEGO,1
emang kau itu idiot bodoh TOLOLLLL otak kauu dimanaaaaa cowo kek gitu ngapain dipertahankannnn astaga emosi saya bacanyaðŸ™ðŸ» lebih baik au ini sy skip demi ketenangan batin,1
si paling pinter anjing raju bangsat tolol idiot,1
"@musniumar Maklum profesor gadungan, otakmu idiot ga nyampe, kerjamu penyebar hoax",1
@tanyakanrl kenapa sekarang banyak orang tolol yang bego idiot kek tai,1
@FenisiaPhoenix @seruanhl @NasDem Tampang idiot g jadi itu biasanya pny kecerdasan lebih,0
@ndagels idiot nya murni bawaan sejak zigot,1
@sabar_tobing @septiadp @perplexzity goblok itu emg haknya idiot lo,1
@panacearies @pecintaanabul @blinkmf Lebih idiot mana sama blink yg mau kasih kue anniv bp saat ultah lisa besok..??,0
@AsepSuryawan9 @tifsembiring Habib gadungan elo percaya dasar idiot,1
"@caul_tanjung Syarat utama Kadrun itu hrs benar2 TOLOL, GOBLOK, DUNGU, IDIOT",1
@SiaranBolaLive paansih idiot,0
@ruhutsitompul Kalo dah tua bagusnya minum obat teratur biar kaga IDIOT,1
@convomf pola pikir orng tolol bin idiot,1
"@msaid_didu Kritik berbasis kebodohan ya gini hasilnya ,,menghasilkan para oposisi idiot",1
@otongkoil Mahluk idiot,1
@DiajengLrst Cukup jadi idiot untuk viral di wakanda.,0
@aanzan14 Wkwkkw cat sekaleng 500rb tuh dapet yg jelek doang.,0
humor gue jelek bgt anjing nonton konten enha yg baru ketawa ampe nangis fak,0
@detikcom Kalo jelek minimal baik kayak gue,0
@finedessert beneran jelek lu,1
@infotwitwor_ ko disitu dia jelek sih pdhl foto yg mke seragam putih cakep,0
@tanyakanrl gua pengen bikin kaos corat coret tapi sumpah coretan w jelek banget gada lucu lucunya,0
"@vaIencius JELEK BANGET SIH, nggak mau ah, ntar ditinggal duluan pasti.",0
"@SOGRAVlTY BENER. kalau ada yang ngatain perempuan jelek, fix dia gapunya muka.",0
yang ngomong gini biasanya jelek sih,0
Pagi nangis tuh jelek tau gak.,0
@sanikilaa jelek banget anjir,0
"@ggonesimp Udah Di jangan diperbarui, ntar makin jelek tampilannya.",0
"@fcbayernfanid Pengen dikalahin psg kali ya, udah seri mulu main jelek pula",0
"Orang jelek tuh harus jago maen photosop dan photoscape kalo gak , nanti gak laku",1
"Tanpa banyak ulah begini, reputasi polisi udah jelek. Apalagi sejak kasus Sambo. Udah era medsos, semua kelakuan nyebelin mudah disebar. Ngga sadar2 ya polisi ini?",0
Tampilan twitter sekarang jelek banget sumpah,0
@oqkotcu JELEK BANGET,0
Pemikiran yang jelek tentang orang lain adalah cermin dari diri sendiri.,0
@tanyakanrl Jelek berarti ga ketolong skincare,0
kayanya kalo gua udah ngetik kasar hari gua bakal jelek dah,0
"Pantesan sih fans sekarang selalu ngatain lagu SM jelek, karena mereka belum pernah dengerin lagu sebagus ini. Kalo tau pasti bakal paham bagaimana tipe lagu SM",0
@cherrrrrraaaaa ANJING IH MUKANYA JELEK BGT MLS,1
Didepan baik-baik. Dibelakang kaya apaan tau jelek-jelekinnya. Orang kaya lo itu sampah!!!,1
IH BABI GW PAGI PAGI UDH MENEMUKAN HAL JELEK AAAAAAAA,0
Mau cantik atau ganteng gak bisa jadi jaminan bikin kehidupan kita jadi menyenangkan apalagi yang jelek,0
ehayamayam diem aja lu jelek,1
@Sipalingayuuu @tanyakanrl Mulut lu juga jelek berarti,0
"yang baik2, yg jelek gausah, lagian yg jelek dikit wkwkwk",0
bangke lucu banget ini anak bete karena nilainya jelek ðŸ¤£ https://t.co/jgB5ylOvhK,0
@NichoWong_ @juseldii @N_ShaniJKT48 Org2 kek gini nih pasti tiap ujian dapet 80 bilangnya nilainya jelek,0
"Enggak perlu di jelek-jelekin, orang lain akan hilang respect dengan sendirinya.",0
@marrieviel lu jelek gblok,1
@dayatpiliang Kalo bukan karena km pintar ga akan ada tuh yang deketin. Sadar diri kamu tuh jelek.,1
"@hahingang Yg nanya udh tolol jelek lagi, paket komplit bener",1
@tanyakanrl Orang berilmu kalau attitude nya jelek ga ada yg menghargai. Jadi nomer 1 attitude,0
"@Maidan_Fahmi1 @wrwbs0b Kayak gini dibilang jelek, semoga yg ngomong minimal kayak Al Ghazali ya""",0
HAH ANJING JELEK BANGET. https://t.co/RCON4R4l04,1
elon kamu jelek deh https://t.co/cWHFZZAaIf,1
@YouthofNiki JELEK NGAMBEK LU.,0
Ini gimana dah koneksi @Telkomsel jelek banget,0
"Pemainnya kampungan banget, tp wasitnya tolol",1
@arysupernova @sbyfess lu sih yg kampungan,1
"@alextham878 Kasian lihat cara berfikir Doktor Anies, peringatan banjir masih pake toa, zaman sudah maju  harusnya pake teknologi. Di kampung saja sudah nggak kau oake Toa, Doktor kampungan.",1
"@GeaThomas @JagoooAyam @5ecretNumber Lu sih yang belajar, ketikan lu kampungan banget, tanda baca aja gak ngerti. Lagian emang kenapa kalo ada indonya?? Sampah juga""",1
@RagilSemar Norak kampungan ndeso,1
"@Askrlfess mau piringnya berkasta miskin/kampungan, yang penting makannya pake piring. jd pls laaaa, bersyukurrr aja",0
Apa hubungannya ANAK LAYANGAN dengan KAMPUNGAN Gan ??!,0
"@FaktaSepakbola Kampungan,main tdk punya aturan",0
"@persikabo__1973 Didik main bolanya sama kebo saja paling cocok, dasar pemain kampungan",1
@keuangannews_id Bahasannya orang ini kok kampungan banget,1
"@Paltiwest Kasian hidup Loe, cari makan dengan memainkan narasi kampungan! Orang dah pada cerdas, orang2 kayak Loe bentar lg  kagak LAKU ðŸ¤£""",1
Kalo macet gausa klakson2! Emg tuh klakson bisa bikin jalanan jd lancar?! Kampungan!,0
@GOAL_ID Liga dagelan mana bisa maju klo pemain + wasitnya masih kampungan,1
@Damar77777777 Gak gitu juga.....memang muka kamu kampungan.....maunya poto yang keren gitu,1
@TeddGus Selesaiin dulu kuliah baru komen...ketua partai narasi kampungan seperti ini,1
"@VickVicky17 @Sundakiwari1 Kasihan bapak ini... udah tua bangka bau tanah suka mengejek agama orang lain... keliatan orang kampungan, norak, gk punya etika...""",1
"@persikabo__1973 Pemain tolol, klub juga tolol, kampungan",1
"@Askrlfess Bukan kampungan sih, tpi orang orang dipelosok/desa kebanyakan pake piring ini karena ya kebanyakan yg dijual yg tipikal kyk gtu semua:)",0
guys emang ini keliatan kayak piring orang miskin/kampungan ya?,0
Dasar kampungan,1
"@SiaranBolaLive Kampungan cok, sumpah pecat aja pemain kaya gini, wasitnya juga pecat aja.",1
"kampungan bgt bapaknya, lo pikir anak yg broken home bakal selalu jd rusak apa. anehhhh.",0
@kegblgnunfaedh najis okb banyak tingkah kampungan bat,1
"@avodkalypse Lo tuh kampungan sekali udik payah, KAMSEUPAY",1
"@FFOODFESS gw pengen, duit ada tp gatau cara pesennya ato ngambilnya bcz blm pengalaman makan gituan anjir kampungan bgt",0
@tanyarlfes Pasti org2 kampungan yg nyinyir. Mereka iri aja anaknya ga sehebat sender yg effort bgt biar bisa kuliah.,0
"@augustuvwxyz @Pinkcoconut1302 @FOOD_FESS Kiraen lidah aku yg kampungan waktu pertama kali nyoba nih mie, auto nyesal sampe berjanji gk bakal beliÂ² mie yg berbau keju.",0
@Persija_Jkt Memang kalah biasa  ...evaluasi perbaiki ..janan jadi pendukung kampungan yg mau terima kemenangan saja...,0
"@kegblgnunfaedh Kampungan, yg ngasih gift juga lebih gblok sih",0
@txtdarigajelas kampungan bgt neng moso mirror selfie di tengah pintu lift :(,1
@tegarbgd Njirrrr kampungan ngadu2,1
Kampungan bgt jablay satu ini,1
"sebenernya gue males pake bot. tapi gue mengikuti jaman, biar gak dikatain kampungan ",0
@CELENGxJAEWON humm pantes kampungan,0
"norak lu,......gw lbh kaya raya dari lu aja santai..gaya lu kampungan",1
"@budonfck @txtasep @DzikryDedeng @pangandaranism_ @Terrywijayanto ya emang mental kampungan kyk lu gini rata2 pemikirannya, ngakunya supporter tpi ngerugiin klub""",1
"@ProfesorZubairi Saya setuju dgn profesor. Komentator ini yg sebenarnya kampungan, komentarnya ngawur",0
" Mau Tenar Kok Dengan Cara Kampungan, Eneg Woy ! | ~BeHahahahaha :P""",1
"Bener, kampungan. Ngapain iri ketemu artis doang. Alay lu.",1
"@Askrlfess Iya sama gua baru pertama kali pegang ip,  bingung mencet apa ga bisa nyalain eh tbtb nyala sendiri kampungan bgt ",0
"@tershesad @kaesangp Jahanam keparat lu, Udah kebaca loe dari golongan kadrun!",1
"Agen keparat + mata duitan,ga heran klo skrino jd terpengaruh.",0
"keparat. org udah sakit otak asu, bisa2nya kyk begitu",1
Jerawat oh jerawat kamu sungguh keparat. Hilang satu tumbuh empat. Hilang dijidat tumbuh dipantat,0
@herrycho_12 Moderat: moncong dia emang keparat ,0
@ratsafara loh kok marah keparat,0
@NarasiNewsroom aparat keparat,1
Bisa bisanya berkelakuan tolol gini dasar keparat bangsat,1
Keparat emang otak rektor curang ini,1
@MalikHendras @aniesbaswedan Cebong dongo dan buzer keparat mana ngerti,1
"@koi_ini @txtdrpemerintah Ngapain takut bro, gua bela lu nanti kalau perwira keparat mengancam lu. Selow",0
Duit darimana klo bukan bantuan cukongnya keparat!!!,1
@SemutMerah2024 Pesan khusus untuk cebong oten komunis keparat bangsat ... Saya yang jalan jalan kenapa ente bong yang kelojotan,1
Manusia keparat Lukas Enembe,1
@ekowboy2 Penyembah adog memang orng2 keparat.,1
"@tanyakanrl udah mah bego, goblok, sinting, bangsat, jahanam, keparat, brengsek, gila, bodoh, biadab, tolol. EH IDUP LAGI",1
@tanyakanrl Sigoblok bejat bat keparat sialan https://t.co/rOHTBg5ixJ,1
Kacamata keparat mahal bgt,0
Anies Baswedan Keparat!!!  ,1
@WidjajaSammy @NgkongRoses Kau sangaka aku akan percaya dgn tipu dayamu iblis cina keparat!,1
KORUPTOR KEPARAT MUSUH RAKYAT.,0
"@detikcom Aparat yg keparat, sbntr lg pensiun bareng anak cucu mlh.",1
@3to3_purenjun REPORT RAME RAME AKUN NYA SI BINATANG KEPARAT INI,1
@IDEALIZMAGAZINE @txtdrberseragam emang keparat kek kontol babi anjing,1
semoga bsk ga ada razia razia rambut keparat,0
@Mencaricinta99 Jika aparat sdh dijadikan alat penguasa dan pengusaha maka rakyat semakin sekarat dan negeri berubah menjadi negeri keparat.,0
"@Midjan_La_2 Setelah lempar dia nyesel tuh, langsung mentalnya ciut...keparat",0
@_tukangrosok Kontet condet keparat..munafik nih yemen satu,1
@DarsSudarsono @Mencaricinta99 Isilop adalah Aparat keparat bangsat kualat,1
"@WSJ Standar ganda, klu berita pembunuhan terhadap warga palestine oleh keparat Israel, anda tutup mulut.",0
@Steven__Pegel Keparat berani nya sama rakyat,0
@Mencaricinta99 Masalahnya si keparat gak ngerti TUPOKSI dia cuma ngerti CUAN,0
@Mencaricinta99 aparat memang kaki tangan para keparat.,0
@ch_chotimah2 @Ryu53944310 @HelmiFelis_ Namanya juga kadrun keparat. Arab maklum aja.,0
"@ShamsiAli2 kalo konglomerat beli nasi bungkusnya pastilah bukan untuk rakyat melarat, pasti buat pejabat dan aparat bejat keparat""",1
"@tanyakanrl bener2 keparat, kepala sekolah kntl! https://t.co/q8swcCGeo2""",1
@Mencaricinta99 Pasukan nasi bungkus aparat keparat menggadaikan pangkat untuk mafia,1
"@idextratime Bngsttttt dapat ide darimana keparat ini bisanya nyaloni, masih ga malu sama track record nya???",1
"Norakkk norakkk, yang gondrong lebihh norakkk mukanya ngeselin jugak anjing babi asu setan biadab keparat",1
"@Catatan_ali7 Masih nonton distadion itu sama aja sih gak peduli dengan nyawa yg dibunuh sadis ama keparat, gila loh, nembak gas air mata ke tribun penonton""",0
@MCAOps Asuhan kunyuk yaman bangsat selalu nebar hoax buat cari makan,1
"@papaaben @Ch1ke1 @PrajuritMales2 Ngindarin, belajar bahasa kunyuk dimana?",0
@MARQUEZ__93 Si anjing kunyuk,1
@k1lua_HxH @msaid_didu @prastow Bukannya lu kunyuk kurap njing !,1
"INI TU DEFINISI ORG MUKANYA RAPIH, KEK RAPIH GA BERANTAKAN, GA ACAK2AN, GA KUNYUK POKONYA RAPIH BGT, ENAK DILIAT, TERSUSUN DR JIDAT SAMPE BIBIR RAPIH, PAHAM GAK SI LO?",0
"@Julian303 @Dennysiregar7 Loe yang dongok, kunyuk.",1
"@Miduk17 Miduk kunyuk bisanya lempar tanggungjawab model junjungannya, loe ngomong gini juga biar si uban diusung PDIP kan?",1
@abi_daawud @giginpraginanto Kau itu dan teman2 kau yg demo anarkis bakar2 perusak apaan peduli anak negeri.... anak negeri yg mana drun....KUNYUK LU!!,1
"@ordinarywelmi Sabar dek,itu KUNYUK nya sapai keluar",0
liga kunyuk kalo belum mati ga akan dikasih red card,1
"@convomf Enggak, karena ya ngapain njir, kayak manusia tinggal dia doang yang lain kunyuk",0
"@caramelforlyfee Kunyuk. Kemana lu ah nomer si aan lu salah kasih itu apa gimana, kok gak bisa gue hubungin?",0
@jewolfiieee lu jgn ketemuan dlu ama kunyuk hari ini ,0
Gini aja baru jadi manusia kunyuk satu neh,0
@Kanseulir__ Gimmick si kunyuk,0
"@msaid_didu Si kunyuk @prastow pikir, gagal bayar itu sama dgn Negara bangkrut. Klu udh penjadwalan bayar utang, artinya kas Negara kosong, alias bangkrut begooook""",0
"@Kutu_Kupret_One @Tan_Mar3M Tolol, kunyuk, punya ada investasi terbesar darimana? Hutang yg gede darimana? Kadrun kunyuk luh.""",1
"He..cuma anak anak babi dan kunyuk dg. Alasan expresi dg.membakar kitab suci dg. Umat agama lain... gagal nalar,idiot, kalau tolol jangan kebol-bol.. Penghina nabi cuma seorang pecundang pengecut",1
@keuangannews_id Kunyuk kalah debat lari nya ga jauh sama cebong bloon analisanya,1
ada hal tolol dan kocak bersmaa si mila kunyuk,1
Situasi makin serius nih dua kunyuk bikin gue tertawa-tawa,0
@kumparan Persis kunyuk anda nantinya sebagai manusia yg tidak punya rasa malu,1
@nusantara_one ada anak kunyuk bingung mau bacot apa,0
@hahingang Tujuan lu nikah ama anaknya apa kunyuk,0
Kerja nyata kunyuk @jokowi sebagai bapak Pelindung koruptor nasional,1
@cakrawalapagi99 @alisyarief @NovalAssegaf Lu kunyuk sampah,1
"mustinya pelangi itu buat semua, tapi dibegal sama kunyuk eljibiti",0
"Nah padahal emang gitu lho, dateng sendiri, ga sesuai ekspetasi malah mayah-mayah ðŸ™ƒ ah dasar kunyuk.",0
Bacot kunyuk @jokowi memang warbinasahhh,1
@AlfinoFlores @txtdaribogor Sia mah nya moal ngeluh da gaji nage patbelas juta kunyuk,0
@njmsun meratapi lato lato kunyuk,0
@bos_wira @HelmiFelis_ @ekowboy2 @Resty_Cayaah @BosPurwa Si kunyuk - kunyuk itu..gak bakalan tau..kalu mrk tau sya tambah hadiah nya,0
Jurus Kunyuk Melempar Buah.,0
@kookiesdin Ganggu banget kunyuk keano,0
@monospierre Gegara si gio kunyuk ni anying https://t.co/bUNSjWM2wa,1
Halo kunyuk @jokowi ... Gimana ijazah palsu mu cok,1
@tempodotco bikin malu Madura aj nih kunyuk,0
@Dennysiregar7 @ridwankamil Kadrun cecunguk ini..sama2 gak gubernur nya..gk bupati nya gk walkot nya gak warga yg gendeng streess kunyuk..kunyuk jabar mayoritas sebagian kaum intoleran..,1
@jokowi Cuma kunyuk @jokowi yg setiap hari bikin masalah n menyusahkan masyarakat...,1
@Dediy_orlando @Dennysiregar7 @ridwankamil Hey kunyuk bego lagu luh aje sok2an  bela mesjid tengah sawah tp ngaji gak becus,1
"@moonareas monyet monyet, gue beli kuota mahal mahal cuma buat liat uwu nya orang-orang anjir ",0
"@idextratime King mbappe tolong bantai ini tim biar pada sadar tu bajingan kaga pantes pake jersi bayern, monyet",0
pagi yang kayak monyet,0
@arie_gin_2 @Miduk17 @Miduk17  becong....tipuu2 rakyat pake sembako. Monyet.loh buta,1
"et monyet, ni kue enak bgt anjingggg. kemaren gua makan ni kue abis ndiri ",0
"Pada saat ini, para ilmuwan di AS tengah mempelajari bagaimana otak seekor monyet dapat mengontrol tubuh monyet lainnya",0
Monyet apa yang sedang konsentrasi ? Monyet yang lagi mikirin jawaban ini.,0
tetangga tlol pagi2 dengerin lagu pake spiker kenceng bgt monyet,0
@Harunmohdshah1 Ni level monyet hutan mana ni,0
@ruhutsitompul Anies mmg ga punya prestasi bagi yg menilai dgn otak tak lbh besar dr otak monyet..,1
Pantesan kelakuannya kaya monyet,1
MONYET KGK PEDULI GUE,0
@Jhan_Pinter @PDemokrat @PKSejahtera @NasDem Mirip rombongan topeng monyet diarak keliling kampung,1
Si monyet sama adek gw dah mulai pacaran anjir,0
Kenapa posenya cosplay monyet,0
"Dasar monyet gak tau diri, sudah dikasi bukannya bersyukur, tapi pakai emosi.",0
@cikaniia itu sblm w blssss monyet,0
Monyet penghianat nh cewek,1
Bot itu bukannya temennya dora yang monyet ya?,0
lu kek monyet sumpah,1
@tanyarlfes lagian lu mau-mau aja pacaran sm monyet,0
Monyet anjing kontol lo bangsat,1
@abarunag @aldobarantaher MONYET LU,0
"Kalo elu ga nyebut nama rl gua, ampe lebaran monyet gabakalan inget gua",0
gapaham gue mah monyet,0
MONYET LU BANG,0
bnrn sama kamu sakit ga sama kamu lebih sakit kok bisa sih ada monyet pinter nyakitin orang,0
"lo selingkuh aja udh salah tolol, make nanya dasar jelmaan monyet langka",1
kalo bukan lo yang mulai duluan juga gabakal kaya gini monyet tukang julid,1
Kaget kirain ak dikatain monyet,0
lo kalo pas sendirian mah gabakal berani kan nyindir2 gue kaya gitu? mana sok teriak2 lagi biar gue denger kocak bgt tu monyet,0
@shaanxz @yagitukirakira @tanyarlfes Biar ga bisa ngeles lagi tuh monyet wkwk,0
Boots tu monyet apa belalang sembah?,0
Bisa bisa nya pacaran ama monyet sampe 3 tahun,0
bru ktmunya monyet blum ktmu babi sptmu,1
"@Jorgguk Ga jelas, monyet",0
"@fairuzaja_ @hashjenni Poto lu ada di pesbuk, monyet :)",0
Yg namanya dina kayak monyet dah,1
monyet kok udh jam set 8 lagi sih AAAAAAA MONYETT,0
Elah anjing semoga kmu di putusin gk tau diri bgt Monyet,1
"Teruskanlah memposting atau membagikan sesuatu yang baik, sekalipun temanmu orang-orang sarap semua.",0
 Demi viral jelema makin sarap,0
@DokterTifa Ini enggak ada kolega dokter yg ngingetin ketololan temennya? Ampunn dah. Dokter sarap? Kuliah sarap brp sks sih? Ahli bgt dlm segala hal kayaknya ,1
wooo bocah sarap,1
"Sadar woy, orang sarap dibelain",0
Ih sarap lu,0
emang orang tiktok banyak yang sarap dah KYK UDH KALI haus bgt akan hal begitu deh,0
Masih aja ada orang yang bela nih tukang pukul manipulatif. Sarap emang warga sebelah.,0
Capek bgt adu tweet sama org sarap,0
"Ga salah sih, yg main rp banyak yg sarap emang",0
"@Irwan2yah1 Ini mah orang sarap, dari pada di bakar lebih baik dikasih. Bener bener mabok agama ni orang",1
"Gak ush di bales karena seperti pasien rumah sakit jiwa yg telaj kabur ,jdi kita yang waras harap maklum dia sarap mba",0
"@convomfs sarap, putusin dih gajelas",0
@Gorosei18660605 Sarap lu yaa data orang di sebar sebar,0
"@AREAJULID daaaah gilaaa kali yaaa itu dibilang tradisi, sarap tuuuh yg ngomong",0
"Misteri perumahan sama anak gila, saran kalo lg ga segar bugar mbaknya gausah nntn. Takutnya beneran keganggu sarap nya",0
sarap anjir laki laki ini,1
"@convomfs Ganti cowo ka, cowo kmu sarap",1
BERDOSA LU BEGITU LEE JIHOON! SEKALINYA UPDATE BIKIN GEBRAKAN BEGINI! APA GAK SARAP SAYA NIH?,0
aca lagi mode otak sarap kalo kata raja mah wkwkwkwkkw,0
"Sumpah iya kak, heran bgt tau ada aja gitu yah, temennya setan eh Tpi keknya setan gk mau deh temenan ama dia",0
Allah menjadikan setan sebagai musuh manusia,0
tai bgt buat orang yang pasang alarm tp ga bangun bangun. setan,0
Cari rezeki di jalan allah bukan di jalan buntu apalagi jalan setan,0
ril wkwkw temen gua semalem abis curhat krna kaget ngadepin temennya yg kek setan berkedok sahabat,0
"Yah, ternyata semua manusia sama bisa menjadi setan",0
@ndagels Anak setan emg,1
Pengabdi setan yang pertama aja belum nonton,0
 bib... jangan terlalu banyak makan setan... sudah seperti setan sampean wkwkwk,1
Penasaran ini setan indo kalo diliat orang luar bakalan serem g sih? ,0
"kau memang setan, memang babi kau ni",1
kata gue jihoon lo mending putus dah sumpah jiiii laki2 kek setan begitu ga pantes buat looooo,0
kuping lu dibisikin setan kah?,0
MASA CANTIK GINI JD SETAN TEH,0
@ShamsiAli2 @syaltout Kamu setan ya? Kok senang memprovokasi?,1
terus kami ini apaan? setan kah???,0
@BkBahrul Kadrun....mata lalat...hati setan...palax iblis....,1
BANGSAT ANJING SETAN LU JOSHUA,1
"Owh pntes gk kliatan, sejenis setan yh",0
punya teman kelas pada kaya setan semua!!,0
Sompret lu bong,0
@nmxjja Y memang lu sompret w sangat kesal,0
itu sompret pucet amat .kebanyakan ngemprut jgn2,1
hari ini sompret bgt tp ak abis ngobrol sama partner listener aku jd nya senanggg,0
Menurut saya perlakuin orang lain kyk kamu pengen diperlakukan itu kudu sih. Kecuali orangnya udah sompret sekali ya.,0
@CNNIndonesia Sompret. Pada haus kuasa semua,0
"@Eko86Putro @DokterTifa Dokter expired, Doktor DO, perawan tua gatel, jablay. SOMPRET deh semuanya.",1
"@celedeng @Irwan2yah1 sompret, elo juga berasa jadi pahlawan",0
Kalau penulis si doel smart nah kalau penulis ic sompret,0
Gitu2 dia nemenin lu pas masih jaman emo ya sompret!,0
sumpah sompret we segabut itu kah? ga ada berita lain yang perlu disampaikan kah selain ini?,0
"Sompret, tidak jadi kumpulan, padahal aku sudah gosok baju",0
si sompret beginian mau jadi presiden RI.,1
"@mokhamadtoha2 Wajahnya emang udah jelek dr dulu, oplas pun udah ga nolong utk perbaiki wajahnya eehh pak jokowi yg disalahin, mending ratna sompret ini perbaiki akhlaknya drpd sibuk oplas wajah yg udah ga bakal ketolong",1
"Gak suka akutu ada nguing nguing di telinga kalau pas bobo, bisa bikin kebangun tauuuuu si nyamuk  cilaka sompret bikin emosi",0
hari ini sompret bgt tp ak abis ngobrol sama partner listener aku jd nya senang,0
Sompret bgt baru bulan pertama tahun 2023 udah kedatengan audit aja.,0
sompret baru beres nyuci selimut malah gerimis mendung,0
Sompret namanya sama pula,0
Sompret pada ga sengaja nge spill semua ,0
Tolol itu sutet jawa bali yg bangun anak3 dr khubilai khan cucunya jengis khan kah hahaha,1
"Apalagi ke kadrun, mau dibangun banyak infrastruktur tetep aja pada tereak2 khilafah... Tolol",1
Rombongan orang orang tolol yang di anggap ustadz sama orang baru hijrah,1
Jangan ketipu lagi dengan si anus yaman tolol bego,1
Lah kan pake skinker jg usaha kgak setingan tolol,0
oh pantes aja suporter tolol harusnya kau mati di kanjuruhan,1
"makanya bu klo msih belom mampu punya anak secara otak dan finansial gausah punya anak dulu, kasian anaknya punya ortu tolol kaya elu",1
Capek bet tolol. Udah kemarin ga karuan. Pagi ini liat kabar milan dibantai karena pada tolol. Hadeh,0
"Lah emang tolol, kok kepancing sama akun troll ",0
@SzZelo @gibran_tweet @aniesbaswedan boongg...tolol  mu kapan habis nya,1
Mamanya ichan sama papanya oji. Fix. Tolol tolol,1
"Udah GOBLOK, TOLOL, NGERUSAK juga",1
"@febryjmjx kalo orang tolol ya gitu, mana mau saling mengingatkan",1
@rlgxg goblok tolol bangsat,1
"ternyata masih ada aja dosen yg tolol ya, heran gue",1
"Ini pernah kejadian juga di circle aku, sampe mikir """"tu anak goblog banget yak, mbok ke tempat lain, ini malah ke tempat nongki satu circle, ya ketauan lah, tolol",1
"satu kata si, lo tolol wkwk",1
contoh orang tolol. paling kesel kalo sampe dapet chat kaya gini dari orang yang ga gue kenal sama sekali,0
"gmpang amat ngatain orang tolol, kurang-kurangin dah wkwkwk",0
"tolong jangan hujat sy krna sy gampang nangis/putus asa', MAKANYA LU SADAR DIRI TOLOL GAUSAH DIPELIHARA. MENDING LU PELIHARA KAMBING BISA BUAT QURBAN",1
"haduh gini amat orang, fokus ke masalahnya bukan fisik nya. orang kalo udah becanda soal fisik orang emang tolol, ciptaan Tuhan bisa-bisanya dihina",0
"DASAR BIG MOUTH, BULLSHIT, MENTALNYA MLEPES KAYA KERUPUK KENA AIR. BISANYA CUMAN MONOLOG PROVOKASI! TOLOL!",1
Wasitnya tolol gk ketulungan,1
"Drpada sekolah tp tolol..ga bisa bedain benar salah,bisa kerja atau ga,kayak lo",1
alay tolol ntr jg balik lg,0
tolol gua salah baju,0
Generasi tolol begini gak habis2 sebelum biang kerok nya dibinasakan,0
"Kau mau bukti tanya aja ke mabes polri ya,biar kau gak tolol juga ",0
kenyataannya saya hanyalah orang tolol yang gampang berharap.,0
" Tolol, kelebihan bayar aja Lo ngga tau",0
"Dosen babi, jadwal kamis dikumpul rabu. Aneh tolol",1
males bgt tolol anjing udh tau jgn dibuka jgn dibaca jgn disebut malah diterusin tolol ini sok pinter bgt GW SEBEL?????? gw jambak jg rambut lu malah nyelakain org aja,0
" tolol wkwk, si paling ada masalah hidup.",1
"Kok iso, ngomong aja lo anjing bgst manusia biadap, playing victim tolol, asu",1
tinggal hide tolol ribet amat,0
"Lah suka2 sayalah, lu nggk ngerti banter apa emang beneran bodoh ? Najis amat. Udh dibiayain bulanan sama MU ?? Hahahah tolol",1
 Tv tolol emang,0
Lu itu tolol tong,1
"Pelajaran pecel kali ini. Kalau kamu tolol jgn banyak mau, dikasih eh malah ngalalier. Guobloookk weduss",1
Tolol bgt emng anaknya,1
"Kalo ga berpendidikan, tampang udik, minimal punya otak lah",1
udah udik gay lagi.,1
kalau lu tersinggung dan marah karna gue katain miskin deserve sih soalnya lu emang keliatan kayak orang udik dari pedalaman yang gatau teknologi wkwk,1
gw yang udik ato emg https://t.co/5n4zlqyTOA itu alternatif youtube ya?,0
"emang dasar perut udik. pake kipas angin semaleman, paginya langsung ga enak badan huh dasar aku",0
udik lo bang,0
"Gue gak ngerti tampilan twitter yang baruuuuuuuu, nyesel update. Ok gue udik",0
@oceanarayi @jeviansastra @oscazrdga menul aja gatau. udik,1
"Setiap kelas sosial punya udiknya masing-masing, dikira makan di resto yang marah-marah kagak udik apa",0
"Klo lagi kajian, memang unfaedah yah photo2, apalagi pas khutbah jumat, maenin hp. udik memang. Simpan dululah hape itu, nikmatilah ibadah",0
kayanya masih kagetan nan udik deh liat suami kenalan lama foto-foto buat nyalon partai.,0
Gimana cara scannya maap w udik bnget,0
Lo pernah liat penonton tenis tawuran? Udik lu,1
Lu org udik apa gimana ? Ko nulis whopper aja alay bgt,1
Entah knp org udik kalau ngomong indo selalu di keras2in hahha,0
dihhh siapa elu tong... liberal udik,1
"nyusahin petugas aja orang"""" ini, jd hrus dua kali dibersihkan. Udik banget",0
"Awokwokwok. Kek gini lu kasih ke gw. Mana ada cantik2nya. Terlalu udik dan jadul. Ngasih referensi itu New Jeans, bukan yg beginian.""",0
 Ini baru fashion. Masak daster sumuk udik dikasih ke gw. Gak level pake baju arabia jadul begituan wkwkwk ,0
Makannya kalo minjemin duit jangan ke orang kamsupay. Udik banget utang kaga dibayar,0
Markus tolol joanna bangsat samaÂ² bangsat dah,1
Itu mah penerus bangsat!! Bukan penerus bangsa anjngg!!!,1
"bangsat salah reply tweet, emg tolo",0
bikin repot aja bangsat,0
tibatiba keinget gini bangsat meresahkan banget,0
@danawallet Nih penipu bangsat. https://t.co/588VMsnIKa,0
@BosPurwa Bangsat ni org,1
@MattWalshBlog Najis banget emang si bangsat,1
"Memang bangsat gabener AHY ini, akalnya udah kayak babi",1
@MilanEye Bangsat ini kiper tua doang tapi gak bisa ngatur..,0
"@Info_Ronaldo7 fansnya aja gini, pantes Ronaldo banyak hatersnya ",0
"Bintang Real Madrid, Cristiano Ronaldo, selalu melakukan donor darah 3 kali setiap tahunnya",0
Terungkap! Cristiano Ronaldo Sempat Ultimatum Agennya Sendiri,0
Luar biasa emang ronaldo,0
Haa! Arab saudi bangun sekolah aj gk bisa.. Gaji ronaldo yg triliunan aj bisa.. Berita gk ngotak..,0
"Dah ending, Indonesia memang hebat, tapi lebih hebat lagi Vietnam. Hebat juga provokasinya. Makasih Garuda. Comeback stronger",0
"Kabar baiknya kali ini kita terbebas dari kutukan Runner Up, selamat Indonesia ",0
Gpp kalah karena kekalahan adalah awal dari kepulangan,0
Mungkin indonesia belum beruntung KARENA rumputnya tidak layak pake,0
"mau di beri pelatih seperti apa lagi,,,,memang ga bakat naik kasta sepakbola ",0
@fatimahsanjaya2 @jokowi Kita2 akan selalu jaga Pak Jokowi,0
"Iya sekali, Prabowo Subianto popular tdk disebabkan pencitraan saja, tapi karena kinerja untuk Indonesia. @prabowo @Gerindra Pilihan Kita2",0
"Fakta sekali, voter Pak Jokowi masih begitu cair, sebagian besar memilih Prabowo Subianto yang memang Pilihan Kita2 disebabkan terbukti kinerjanya.",0
Semua percaya Pak Prabowo Subianto yang memang Pilihan Kita2 mampu mengambil hati rakyat.,0
"Semua rakyat Nusantara, bisa menilai keseriusan Prabowo Subianto yg semangatnya membangun kebahagiaan masyarakat.",0
"@Miniongoldlane @idextratime Imho, milan ama arsenal beda. Pondasi arsenal kuat dan teruji lawan2nya sekelas tim epl. Kualitas serie a sorry2 aja jauhhhhh bangettt dibawah epl",0
"Hahahahahaha ga tau kenapa saya deg2an tiap nonton emyu itu lawan pool, chelsea ya sekarang ketambah city sih.",0
Apakah aku harus dukung Arsenal dulu?,0
Lisandro Martinez mencetak gol untuk Manchester United saat takluk dari Arsenal. Pemain Argentina itu pun menorehkan rekor baik dengan gol itu,0
Masih lebih bagus debut trossard di Arsenal,0
Kampanye anti kekerasan seksual dan anak,0
Partai kebangkitan bangsa Peduli perempuan dan anak,0
"KH. Bisri Syansuri mengimbangi KH. Wahab Hasbullah yang sangat lentur, fleksibel di dalam perjuangan politik sehingga lincah. Alhamdulillah duet ini memberikan arah awal perjuangan NU",0
Kita harus meneruskan perjuangan beliau Kyai Bisri Syansuri,0
Selamat merayakan imlek,0
udahlah kalo mau belanja cuss aja langsung ke @astronauts_id gapake ribet,0
Makanyaa daripada cape jalan cape nunggu kann mending AstroinAja,0
Aku juga paling suka yg praktis makanya aku AstroinAja,0
"Aku setuju banget nih pendapat kakaknya, apalagi bentar lagi mau gajian nih otewe stok snack ",0
asikkk stock snack gw udah dateng dari @astronauts_id ,0
Koalisi makin kuat. Hari ini Partai Kebangkitan Bangsa meresmikan Sekber koaliasi.,0
Cak Imin Dan Prabowo Resmikan Sekber PKB-Gerindra Untuk Pemilu 2024,0
"Hahaha anjirrr emg, awal rencana kemana perginya malah kemana emg babi doi gue nih, gpp lah yang penting sama2 refreshing",0
"Orang juga bisa cape ya babi gitu terus :) sabarsabar kek kontol lamalama, ya aku juga maulah diperlakukan sama kaya aku menperlakukan kamu. BANGSAT CAPE, PALING BENER NUNGGU WONWOO NGELAMAR",0
"Akhirnya kelar semua, tinggal present ni dua project babi nanti",0
NGETIK APE BABI TYPO SEMUA,0
"Login, yg ngetweet siapa dah kocak wkwk, percuma ada Jordi amat, klok atau pemain naturalisasi jago lainnya, kalau pemain lokal Indonesia lainnya ancur2, ini permainan tim min, bukan individu",0
walaupun suku bola juga kadang ngecewain tapi seenggak nya ga nyakitin kaya kamu wkwk ,0
"Selalu dikecewain, selalu dan selalu seperti dia yg memilih untuk menjauh ketika sudah dekat.",0
Terimakasih atas perjuangan kalian garuda ,0
"Selama PSSI masih dipegang dengan orang2 itu, menurutku gak kan ada kemajuan yg melesat bg Timnas",0
Apa yang harus di apresiasi kalau hasilnya malah nyakitin? Hadeh udah disupport gitu harusnya nyenengin gitulah,0
Saya tidak melihat kalau Jude Bellingham akan berada di Real Madrid musim panas mendatang melainkan Saya hanya melihat dia akan ada di Liverpool bersama Jurgen Klopp,0
Gini amat jadi fans liverpool,0
Baru ngeh Liverpool ketemu real Madrid lagi,0
"@idextratime mantengin liverpool beli/pinjam pemain siapa, sayangnya gak ada ",0
Nyimak liga Indonesia lebih bikin emosi daripada nyimak performa Liverpool.,0
"Sebagai rival, Liverpool dan MU tercatat memiliki gelar juara Liga Inggris terbanyak. Lantas, siapa diantara keduanya yang teratas?",0
Lu beruntung chelsea sama liverpool lg badai cedera,0
"@theabdulhadi Kasian arsenal masih ketemu city 2x, liverpool anfield, chelsea, newcastle away.",0
"@bayu_joo @astronauts_id Punya anak sukanya salto. Jadi susah buat masak sayuran, pengen nyoba beli latto latto. Ehhh di ASTRO ada beneran",0
kasi tau kasi tau palalo kaya anjing,1
"@adi_kempo @gusbaster87 bukan masalah kurang yakin, itu sakit anjing wkwkwk",0
Anjing!!! Lu yang pada bikin dosa bisa2nyaaa ngatain gue yang harus hati2 kena karma,0
@kapalapos86 Banksat dengan kau angota bru klakuan model macam binatang saja... Harus dibproses itu anjing,1
Tetangga anjing babi monyet bangsattt,1
elo yang anjing,1
"Kayak... aku ternyata gagal disegala hal ya, keluarga, percintaan, sampe pendidikan aja gue gagal meng. Aku harus koprol atau kayang gimana lagi biar aku tetap kuat menjalaninhari seperti anjing",0
awokwokwok nyari ribut kok sama gua. gausah adu bacot lewat chat gw samperin muke lu anjing,1
IH ADA KECOA TERBANG ANJING,0
"Nggak sekali dua kali sih dia salty, tapi kali ini gue kesentil krn lo nggak bs ngomong gt anjing seolah2 nggak punya bpk itu pilihan hidup sang anak. Ya Allah, semoga dunia berbuat baik deh sama lo biar hidup lo nggak salty terus ya ",0
"berat sama dipikul, ringan sama dijinjing, sumpah gue pengen mukul, kelakuan lo kek anjing",1
@acmilan @Acqua_Lete INI KLUB APA PETERNAKAN BABI,1
@Dennysiregar7 @cokro_tv @2045Tv @prastow Kerjaan mu Banyak Ngumpulin Receh dgn Jualan Radikal Dasar BABI KAU ITU,1
perjalanannya aj 1 jam babi lama bgt,0
@jjejehehehee @SeraphimArchie @Askrlfess Ad tmenku.. dia china dan nonis.. dia ga mkan babi krna klo hbis mkan babi lngsung badannya merah2 dan gatal2 ktanya,0
@HendyPS03 @Info4_Milanisti Kualitas pemain lu jelek ga bisa passing. Manajemen lu kek babi pelit ga mau keluar duit. Klop noh liat ama ipul squad ampas ikut juga ampas. Syukur lu ama pioli masih rank 2 tanpa beli pemain malah d tinggal pemainâ€ inti.,1
@Cipskate aku kenal kau babi,0
@Info4_Milanisti Mau kipernya malaikat juga tetep goal kalo beknya tolol. Manajemen anjing pelit ga mau beli pengganti romagnoli. Babi lah.,1
"Dih kita, elu yang ngutang malah ngajak2 yg laen... Tanggung jawab sendiri lah babi, kan elu yg ngutang sri tolol",1
nonton video proses pembuatan babi guling di pesbuk gw malah ngiler,0
@eljero_17 @popcornletare Papua tanah damai tai anjing tolol biadab primitif manusia purba semua gada adab najis gw liat orang papua purba tai babi gada otak wanita dikeroyok dibakar otak lu dimana bego,1
@cendekiahan @KucengTerbanggg lu babi,1
@petruspasaribuu @RudyAntony13 @Bramastyofay1 Lo petrus tololll nya keterlaluan..adu argumen kembali lo bawa agama..kalo masalah agama lo ajak gue sparing gue ikuti lo..babi..buduk dasar kafir..buduk..lo,1
"Tampang sih boleh Baby Face, tapi sayang kelakuan lo BABI FUCK!",1
bapaknya kek babi,1
"Hahaha anjirrr emg, awal rencana kemana perginya malah kemana emg babi doi gue nih, gpp lah yang penting sama2 refreshing",0
@minsugarin @WtrmlnSUGAhigh @fblousky @jennairalaiba @thvilysmc7 anjeng kaget aku babi,0
"Ternak Babi Mati Mendadak di Kupang Bertambah, Tersebar di 6 Kecamatan",0
@cursedkidd Katanya oreo pakai lemak dan susu babi ya? Bener ga sih,0
"@ssefnum Capricorn januari kayak babi, benci bngt gue anjing",0
@SangLangit01 @bangZhack86 Cina babi wajib mati,1
"mana abang gue cuma ketawa2 aja bajingan, abis sampe kos gue langsung nangis semaleman gara2 kaget ewkwwkwwk, terus juga kalo ga sengaja ketemu sama temen2nya abang juga gue langsung lari, soalnya anjir gue kek sekaget itu",0
@ruhutsitompul Anakmu yg idiot saja kamu terlantarkan... Bajingan kau,1
"@recehtapisayng Pernah pas smp kls 9, sekelas ditanyain tpi gabisa jawab, dikata katain bandit bajingan ga pernah dengerin ga pernah paham wkwkwk",0
kenapa bikin latte art tuh susah bgt bajingan,0
"Bajingan wkwkwk, ini lucu banget sumpah",0
"@exbluera @convomfs lebih sakit mana diomongin vulgar sama cowo"""" bajingan? lo pikir ga jatohin mental juga hah?! cewe  yg lo sebut itu ya mungkin lo ditakdirin ketemu sm cewe modelan begitu terus seumur hidup lo. tapi sayangnya ga semua cewe kek gitu.",0
"@RadarKorupsi Menteri dari partai PKB bajingan semua..yang satu naikkan ongkos haji, yg satunya perpanjangan jabatan kades 9 tahun",1
"@Askrlfess kagak, jahatan dia nder. udh mah dlu ngemis ngemis eh sekarang malah selingkuh, bersyukur ya sender ternyata kamu dijauhin orang pantek macam bajingan satu itu",0
@AnggaPutraF Bajingan juga pendukung anies ini...cari2 kesalahan orang..eh ketemunya dimasa orang2 pada gak tau kelakuan asli..sekotor itu lidahmu menjilat?,1
Mmng kelompok sambo ini bajingan semua!,1
@FaktaSepakbola Ini yg bajingan wasitnya...bodoh..skorsing wasit!!,1
"Pertama, lo brengsek. Kedua, lo bajingan. Ketiga, lo bodoh. Ke empat, PACAR LO PANTES DAPETIN YANG LEBIH BAIK DARI PADA LO. Jadi gak usah pke embel-embel sayang, lo udah selingkuh aja tuh KOCAK BGT KLO MASIH BILANG SAYANG SM PACAR LO. Goblok kah?",1
"@Articunafast @sandal_bakiak Aku laki2 brengsek, bad boy, bajingan emg kamu masih mau?",0
SARAH BAJINGAN SINTING,1
@ruhutsitompul Manusia bajingan ini ruhut,1
"Bajingan satu ini harus menjauh, jangan stay disini #HTIDukungAnies",1
JOKES BAPAK BAPAK TAPI TETEP NGAKAK BAJINGAN,0
"@mlbbfess bajingan lo, voter jilong https://t.co/PSqzN8i6vd",1
"@KimeRebor @gibran_tweet Buktikan edit sendiri,Njing...!!!bangsat kau..!",1
"@msaid_didu @prastow Berapa milyar rakyat gaji kau???tapi tak becus kerja Merpati Air bangkrut ninggalin hutang,prestasi apa yang bisa di banggakan dari si Anjing Sauid Didu,bangsat kau...!!!",1
wah bangsat iya iya gue tidur anjing gausah nangis dong ,0
@tanyarlfes bisa gak yg kayak gini direport aja? gue jantungan bangsat,0
"@Askrlfess Tolol ngentot babi biadab jadah haram koplok emosi aing bangsat, makin kesini makin kesana, sebenernya dia tahu kalo dia tahu cuma si tahu itu pura pura tidak tahu bahwa dia tahu, intinya goblok anjing lo tolol iq rendah bangke, apalagi ges bantu dibawah kalo lu tahu",1
Bangsat lagi gue ngetawain ginian dua menit.,0
Kalo gak krn kasian sama baba sama ibu udh mati gua bangsat,0
@JennyJusuf bangsat banget anjing kesel yaallah kasian gapunya otak,0
Pki dari palembang... Hahaha... Pa kabar buku merah... Bangsat penghinat negara agen rrc...!! Hukum udah gak laku bagi org ini. Hukum rakyat cocoknya,1
"@detikcom Dasar bajingan, nyawa ilang sia sia, nama instansi ancur lebur, ngilangin barbuk, bikin skenario,semua orang lu bikin sengsara, cuma gara gara lu ga bisa ngontrol emosi, bangsat, malah minta bebas hukuman",1
@piraej bangsat lucu banget lagi,0
"@kegblgnunfaedh Eh jablay, jangan bikin jelek image perempuan lah bangsat. Kesel bgt gue ih najis liatnya gak habis pikir. Susah2 dapet pasangan yg sesuai, ini malah cengengesan cerita selingkuh",1
lu so asik bangsat,0
"besok mau potong rambut, bodoamat gue jelek banget bangsat",0
Emang bangsat si kucing sprei kesayanganku di pipisinnnnnnn bangsat,0
"Ngotak ajg, kalo mau sumpah serapah yg bener bangsat.",1
"@Relyourbae2 Udah capek banget bilang sama diri sendiri untuk berubah lebih baik, nyatanya makin bangsat",0
BANGSAT LO YA MULUT LO,1
Warga akan usir Rozy bejad dan Ibu mertua goblok dari kampung mereka.,0
Tobat lu pak.. Kulit udah pada longsor gitu pun masih bejad,0
"@tanyarlfes bagus sendernya kirim ke base umum, biar makin banyak orang yg tau kelakuan nih lelaki bejad benalu sampah.",1
Penasaran gw ama ortunya ngapain aja smp anak 8 thn bisa ngelakuin hal bejad. Geram bgt gw.,0
Buruan go publik geh.moga ada videonm kebejatan mereka juga.Biar orang2 tau kelakuan bejad duo gatel ini. Di tunggu segera,1
Bejad otaknya,1
"@Askrlfess Heh brengsek, lo dari awal selingkuh aja udah bejad banget kelakuan lo. Nambah lagi lo merasa """"dikhianati"""" Setelah dia move on dan dengan baik ngasih tau ke cewek bajingan kayak lo, otak lu disebelah mana sih gue tanya? Otak ga punya, hati kotor, mandi wajib sana.",1
"@alisyarief Bagaimana bisa politik sinonim dgn moral, sedangkan KECURANGAN DIANGGAP BAGIAN DARI DEMOKRASI?? Bukankah kecurangan itu cerminan dari moral bejad?",0
Dibalik tampang yang seolah-olah merakyat ternyata bejad di belakangnya,0
@sjahtie Wkwkwkwk.... Miris liatnya klo omong sok ber suara malaikat tapi kelakuan bejad,1
"Pantes aja bertemen dengan sesama manusia sesat dan bejad, makanya suka menghardik dan memfitnah pemimpinnya. Kelakuan manusia itu adalah kaum khawarij dan Dajjal!",1
"Manusia insecure melihat kelakuan manusia satu ini, kelakuannya lebih bejad daripada setan. Kalo diadu mah setannya juara 2",1
@HeryIdris5 Penipu keturunan Soekarno.Bejad,1
Inilah kenapa banyak anak kyai yang jadi bejad...,1
"Emak gue aneh, anaknya bejad begini disuruh ngajar ngaji abang abang komplek",0
"Dia tau banyak ttg agama, dia tau banyak ttg hukum agama tp kelakuan bejad, kan asu.",1
Waktu dulunya gmana ortunya? Ortunya tau ga dia begitu? Kalo tau pasti nyuruh tobat atau ga kalo ortunya dulu pernah gitu langsung ngerasa kena karma. Ortu mana si yg ga kecewa liat anaknya tumbuh bejad,0
bejad sumpah dah tua juga tobat kek,0
Yg gini mah emang bejad aja dan juga licik cari2 alasan pembenaran buat kebejadannya,0
"Pengen komentarin ini si. Pakai pakaian tertutup, tapi akhlaknya bejad sama aja. Memang benar, pakaian tertutup bisa mengurangi resiko atau bisa lebih menjaga diri, tapi kalo hati dan akhlaknya masih begitu, pakaian tertutup bisa apa?",0
brengsek batuk gue kumat lagi,0
"Sebenarnya hidup tuh lurus dan enak aja dijalanin, yang brengsek itu pikiran elu sendiri, yang segala macem mikirin hal apalah itu.",0
tolol dasar 5 b alias babi bangsat brengsek bajingan bedebah,1
"Gak tahu, karena sejatinya kita gak kenal secara personal sama idolnya jadi gak bisa menilai personality mereka gimana. Yang keliatan baik di depan brengsek di dalam ya buanyaakk saayy, gak cuma di thai doang",0
AJI TOLOL BANGET WKWKWKWKWK YA AMPUNNNN ANAK SIAPA SI LUUUU UDAH BENER KITA KERJA URUS RAKYAT AJA AJIIII JANGAN NGOMENIN NETIZEN WKWKWKWKWKWK ADUH BRENGSEK BANGET PERUT GUE SAKIT STALK DOI WKWKWKWK,0
@jek___ brengsek bgt mulutnya sumpah,1
Brengsek ni orang,1
@convomf @TRANSTV_CORP yg kaya gini yg di undang tuh bukan cowo brengsek yg lu undang,0
"karena kadang orang brengsek itu malah lebih menarik gak sih, aduuuh",0
menurut lo seseorang yg ngelupain masa lalu nya dengan orang baru itu brengsek ga?,0
"Si brengsek satu nich, kelakuannya kadang diluar nalar tapi dia ga pernah lupa buat kasih hal kecil kaya gini",0
asa lo brengsek bgt ajg dr segala org lo yang bodoh bgt bodoh bego krna cinta tolol,1
brengsek mah brengsek aja,0
buat loe aja sama temen temen loe BRENGSEK,0
"brengsek si emang, ga pernah bisa di pegang omongannya",0
brengsek banget setan,0
" Ew udah jijik sama cw manipulatif gini, tinggalin aja redflag soalnya merasa paling tersakiti padahal dia yang brengsek",0
brengsek udh 2 hari ganapsu makan,0
"Brengsek bgt dah pokonya, udah jelas2 ga knapa2,tp bikis status teraniaya, ajg!!!",0
"Brengsek lucu banget. Bang temen gue bilang lu lucu banget katanya dia pengen temenan sama lu bang, tolong ditemenin lah bang",0
latto latto terus sampe budek,0
@AkuAtikaFaya @aniesbaswedan @KPK_RI BUTA BUDEK TULI TERHADAP KASUS @aniesbaswedan,1
"Lha kadrun itu budek, sampai kiamat ya ngga bisa paham",1
Mereka yang punya urusan harus gua yang kelarin. Giliran disuruh bantuin malah pada budek,0
mending munafik daripada budek? lah bangga gitu jadi orang munafik?,0
@Irwan2yah1 @ridwankamil Kepala daerahnya budek,1
KENAPA GUE HARUS BUDEK DI SAAT GENTING ANJIR,0
@puterandaru @bachrum_achmadi Budek matanya si cebol,1
"Bukannya pura pura gak denger, cuma emang sedikit budek",0
"@choigyuiee budek kali kupingnya, kpopies jaman sekarang apa2 dibilang plagiat, tololnya makin kebangetan",1
"kalo kata temen, gue tuh spek telinga budek otak lemot soalnya kalo diajak ngomong dikit dikit """"hah""""",0
"Kita remaja yang 80% stress, 10% masuk angin, 6% sakit pinggang, 4% budek",0
"Budek itu nular, guais.. waspadalah.. waspadalah..",0
"Lha kadrun itu budek, ya percuma diingatkan",0
Telinga agak budek karena pilek,0
Budek soalnya mereka,0
"Maaf ya aku kira kamu emang cuek, gak tau nya budek",0
"Orang punya mulut gua punya kuping, orang boleh nogmong gue boleh budek.",0
"Loe aja yg budek tuli dungu,semoga    loe Khusnul khotimah utk TDK terjerumus setan",1
Giliran gini pendukung Fir'aun pada budek gak tuh,1
"percuma dikasi liat bgnian jg mreka kgk ngerti, telinganya budek kali",1
buruan kau cek kejiwaanmu hut mana tau makin parah gangguan sarap kau kayak ferdinan,1
@sosmedkeras stress jir sarap dongo lah,1
gemoy apaan sarap lu,0
"Memangnya kalo pengen PACARAN harus punya PACAR dulu ya? Terus, kalo kita mau SARAPAN harus jadi SARAP dulu, gitu?",0
@idextratime @David_Ornstein WKWKWK ini orang emang sarap,0
"Anjir, saya 21 tahun ini, pacaran aja kagak kepikiran woi. Sarap bener",0
cewe sarap,0
Banyak bgttt org sarap!!!!! Ya ampunnn!,0
"kalo di luar negeri kalo anak ga diasuh dengan baik tu ntar diambil pemerintah gitu, disini ga ada ya? huhuuu emaknya gila stress caper gawaras gada otak sarap sakit mental minus edukasi otak segede upil... gilaaaaaa..",0
Keheranan ku terhadap manusia yang nuduh tanpa bukti itu gimana si? Tolol apa Bodoh gitu? Jelas2 gue ngilang setahun dari peradaban eh tau2 lakinya ilang dibilang gue kabur ama lakinyaðŸ˜… SARAP BENER!!,0
@AREAJULID astaghfirullah gila ya ni org sarap anjir makin hari makin gk waras para lelaki ini kalo tau tau gw dpet cowok modelan begitu gmn anjir,0
iya harusnya mah habis ada insiden bgitu bukanya khilap malah sarap,0
YaAllah...ini kalau masih ada aja yang bela dia sarap sih...,0
"Coba tanya sm pejabat itu, jadi yg mengganggu kedaulatan apa? Sarap memang",0
Jujur gasuka bgt sm org yg suka telat apalagi 2JAM LO BILANG CUMAN SARAP,0
Sarap Lu pakek ngucap Alhamdulillah,0
SARAP NI ORANG,1
Anjing ni org sarap apa y.,1
bukan egois lg tapi emg perlu di periksain. sarap otaknya banyak yg rusak. sok oke bener lu comberan tai.,1
Aku kuaaat akuu kuaaatt walau udh sarap,0
lebih tegang nonton jombi sih emg drpd nonton setan wkwk,0
"@pratama_987 @jayapuraupdate Buset sehina itulah setan? Setan makhluk yang taat bos sebelum manusia diciptakan.. sudah dikatakan oleh malaikat dan Iblis manusia itu makhluk perusak, suka berperang, karena itu iblis dkk gak mau tunduk sama makhluk seperti itu",0
"Sombong itu gapenting, kadang manusia cuma hebat di bagian tertentu aja, sisanya pasti banyak minusnya lagi diketawain sama setan tuh",0
"wah sinting ini manusia anjir. jul tobat jul, bahkan setan insecure sama kelakuan lo.",1
Ni setan maunya apa siiii gila,1
"@jjaejaepeach Bacot lu setan, mending lu langsung ke tanah alias mati. Ni setan satu selalu ngarang cerita anjirr gedeg gw",1
gajelas lo setan,0
"@Midjan_La_2 Selain bilang anjing dan babi, kata2 apa yg pantas buat si setan Rozy ini?",1
syg bgt sama adek ku meskipun sifatnya ky setan,0
Setan aja insecure sama kelakuan lu,1
awas ada setan nempel,0
Mungkin benar manusia adalah setan yg sebenarnya,0
Iri dengki skli hti mu setan,1
@jayapuraupdate Kejam...... Tidak punya rasa.... Setan semua.... Otak tdk dipakai emosi dilebihkan.... Klo di dunia kalian tidak dihukum berarti tidak adil....tpi ingat malaikat mencatat apa yg kalian lakukan pada orang tersebut. Hukum Allah sungguh adil... Semoga ibu yg dibakar husnul khotimah.,1
@GOAL_ID Sampai pssi keluar dari lingkaran setan,1
"kalau mau liat gambar setan-setan yang mirip sama muka lo, mending check halaman paling belakang buku tulis btq gue",1
"Kan anaknya setan say, jadinya kuat, sekuat setan menggoda iman manusia",1
kirain kamu setan kak,1
pacaran berempat berarti yang kelima setan,0
lebih mending setan ga sih daripada maling,0
Wkwk sompret gitu2 juga kota lu,0
"Sompret ni org. Jakarta udh sedikit maju dan berbenah, eh malah di tarik mundur ama dia. Rubuhin JIS sekalian, biar gk nanggung2",0
Sompret bgt baru bulan pertama tahun 2023 udah kedatengan audit aja.,0
"Di negeri ini lebih asiik memviralkan sadboy sompret, dan banyak hal yg bikin mual",0
Sompret ini mah bukan soompi,0
"Siapa sih ini orang? Sok2-an merasa sebagai? Hiiiii, sompret",0
Kok bisa ya...pulau dijual...sompret bener nih,0
Modelan Yaman kesasar ini ngaku bisa paksa orang masuk neraka? Sompret!,1
"Wkwkwk gimana yak, sendeernya sompret",0
Di tambah panik krn kamera ilang taunya jatoh di lantai taksi sompret,0
Menurut saya perlakuin orang lain kyk kamu pengen diperlakukan itu kudu sih. Kecuali orangnya udah sompret sekali ya,0
"Rasanya si sompret itu sepemikiran sama aku,tapi beliau lebih gercep ",0
" Pengen diahokkan dia, sompret pengkhianat. Saat akan tiba merasakan perihnya penderitaan ahok",1
Mas sompret tlong ajak mbaknya banyak makan berkat biar tahu enaknya berkat,0
"Krn klo vc sinyal di tempatku agak sompret, takutnya putus2 sayang duit saya",0
Ngakak banget sompret,0
"gue nge jurnal ga kelar kelar deh anjir , gue selesaiin nambah lagi kan sompret",0
Sompret nih Han Jisung,0
YOK JELEK DOANYA SOMPRET,0
Kampungan....norak....udik.,0
Menurut Orang Udik yg Bodoh . . Anies itu gak ada kelebihannya  !,1
" kenapa orang lain kalo kuciran kyak gini kiyowo, tapi kalo gue kyak cewe udik anjr",0
"Makanya jangan di kampung mulu lu orang udik, maen2 lah ke Jkt biar tau jakarta sekarang gmn. Udik udik",1
 Orang Jabar udik kurang didikan emang suka banyak yg rarujit,1
Aturan bisikin ke camermu dasar udik kamuh,1
Camer mu...udik...disamain sama lemper...,1
" camer lu udik norak kampung, adat makan sushi ya sekali hap, kalo berkali2 hap mah makan lemper",1
usah ngomong high context sama orang udik.,1
Kadrun kalo gak goblok apalagi selain maki2...argumen gak ngerti bahasa masih udik...duh drun drun kasihan banget sih,1
"Kebanyakan rasis karena di kepala mereka itu terbawa film2 yg menggambarkan orang jawa itu udik, kampungan, ndeso, dsb. Jadi yg tinggal d jakarta merasa diri mereka modern dan kekinian",0
Haaa... Ketahuan orang udik.. picik pikiran loe..,1
Mereka kegedean-rasa. Narasi udik. Mainnya nggak pernah jauh. Bisa dipastikan latar belakang pendidikan mereka umumnya kurang terdidik bahkan nyungsep. Panasbung.,1
baru tau kalo protect idol supaya ngga kena cyber bullying terus terusan itu namanya udik,0
Emang mental udik..,1
Udik banget gak sih belum pernah makan ice cream mixue,0
"Ih, udik banget.",1
"sushi, yg mentah mentah.. lidah sy udik menerimanya",0
bukannya fashion malah keliatan kek udik,0
"ngakak banget pertama kali ke hotel, kek udik gitu jir",0
