Judul,Jenis
Terapi Metadon Untuk Pecandu Heroin,Kesehatan
Tesla Menuntut Seorang Influencer Vlogger Asal Tiongkok Karena Alasan Ini,Teknologi
Lebih Melek pasar di Imlek 2022!,Finansial
Indonesia Resmi Masuk Gelombang Tiga COVID-19,Kesehatan
"Bocoran Render Desain Xiaomi 12 Mini, Flagship Compact dari Xiaomi dengan Layar hanya 6 inchi!",Teknologi
Mengenal lebih dalam Hari Kanker Sedunia,Kesehatan
"Ilmuwan Temukan Varian HIV Baru, Lebih Cepat Sebabkan AIDS",Kesehatan
Bocoran Tanggal Rilis iPhone SE Generasi Ketiga Mulai Terkuak!,Teknologi
"Vaping lebih aman dari rokok, betulkah?",Kesehatan
"Hari Kanker Sedunia, Kanker Serviks Masih Merajalela?",Kesehatan
Meta Terancam Cabut Instagram dan Facebook dari Uni Eropa Jika Tidak Lagi Mampu Melakukan Targeted Ads pada Penggunanya,Teknologi
"Berkat teknologi implan, pria lumpuh bisa berjalan kembali ",Kesehatan
Xiaomi Mendeklarasikan Perang Pada Apple di Pasar Smartphone,Finansial
Obat-obat pas isoman buat apa aja ?,Kesehatan
Selamat hari Senin! Siap kembali berinvestasi?,Finansial
Pengobatan anti-Omicron,Kesehatan
Mediatek Sedang Mengembangkan Chipset Seri Helio G dengan Fabrikasi 6 nm,Teknologi
Kini Mengirim Gambar Dengan Kualitas Original di Whatsapp Lebih Mudah,Teknologi
"Modal Asing Masuk Rp10,81 T Pekan lalu. Pertanda asing masih percaya ?",Finansial
"Tes Antigen Mandiri, perlu ga sih?",Kesehatan
PukulEnam.ai Resmi Diluncurkan!,Teknologi
Mengenal Teman-teman Kecil Kita di Usus,Kesehatan
"Spesifikasi ZTE Axon 40 bocor ke publik, Nubia Z40 Pro resmi dilengkapi pengisian daya nirkabel!",Teknologi
"Pilih mana, mandi air dingin atau panas?",Kesehatan
Uji Pra-Musim Formula 1 hari kedua: Ferrari master Blan!?,Olahraga
Ukraina meminta bantuan hacker membela melawan Rusia,Teknologi
"Aduh, kok aku sering cemas ya? Kayaknya aku anxiety deh",Kesehatan
Ruam-ruam abis kena COVID-19?,Kesehatan
"Peluang finansial nasional minggu ini, tidak hanya terpengaruh Rusia-Ukraina lho!",Finansial
Fix Banget! TelkomGroup bergabung pada mega proyek kabel laut Eropa-Asia Tenggara,Teknologi
"Negara-negara Barat seperti ""Mencoba Menghancurkan"" Ekonomi Rusia",Finansial
Balapan dengan Kece di Gran Turismo 7 x Anti Social Social Club!,Gaming
Rusia: Jangan beli Mac dulu ya.,Teknologi
"Tidak hanya vaksin, vitamin juga bisa disuntik lho",Kesehatan
"Penelitian tentang hubungan antara manusia dan hewan peliharaannya semakin banyak selama pandemi, ini hasilnya!",Kesehatan
"SAMSUNG MENGHENTIKAN PENGIRIMAN CHIP, PONSEL, DAN ELEKTRONIK SECARA KESELURUHAN KE RUSIA!",Teknologi
Apa yang terjadi ketika kita tenggelam?,Kesehatan
Syarat PCR dan Antigen untuk Perjalanan Resmi Dihapus,Kesehatan
Ngopi niat ngeeng malah ngos ngosan,Kesehatan
M1 Ultra resmi dirilis: Nyaris merobek AMD Threadripper 3990X!,Teknologi
Telegram Update Besar-Besaran!,Teknologi
Softbank: Sayounara Nusantara-Kun!,Finansial
Mau beli Macbook? Kalau masih bisa sabar? Tunggu ya!,Teknologi
Xiaomi Redmi K50 menjadi yang pertama menawarkan audio Bluetooth 5.3 dan LC3,Teknologi
Berburu pil iodin penangkal radiasi,Kesehatan
CEO Moderna Stephane Bancel telah menjual lebih dari 400 juta dollar AS saham perusahaan selama pandemi,Finansial
Apa manfaat Stress?,Kesehatan
Meta menghadirkan parental control di VR mekera!,Teknologi
Da-da Stradia! Dari platform cloud gaming jadi produk google cloud,Gaming
Masih sharing Netflix murah dari pihak ketiga yang bagi-bagi password? Hati-hati!,Teknologi
"ISS: Mau yang di bawah ribut, yang di atas tetap jalan!",Teknologi
Pemerintah Australia menggugat Facebook atas iklan penipuan yang membuat seolah dari selebritis.,Teknologi
"Sering mencari informasi media, hati-hati Cyberchondria",Kesehatan
"Uni Eropa Meminta Whatsapp dan iMessage ""bekerjasama"" dengan aplikasi perpesanan lainnya",Teknologi
"Diduga menyebabkan kanker, Pfizer tarik obat darah tinggi dari peredaran",Kesehatan
Intel mengumumkan Arc A-series dari grafis diskrit untuk laptop,Teknologi
"Bruce Willis Berhenti Acting karena Afasia, Apa itu?",Kesehatan
Alasan jangan skip sahur menurut ahli,Kesehatan
12 April 2022 Peraturan Euro 4 mobil Diesel diberlakukan,Teknologi
Gubernur Bank Sentral Sri Lanka mengundurkan diri,Finansial
"Belum selesai, muncul lagi COVID Xe",Kesehatan
Top up dompet digital kena PPN 11 persen,Finansial
"Hidup tanpa rasa sakit, berkat atau kutuk?",Kesehatan
Google dan iFixit meluncurkan Program Perbaikan Mandiri untuk perangkat Pixel,Teknologi
Rusia berpotensi gagal bayar utang obligasi,Finansial
Hari Perdana GOTO di Bursa,Finansial
Mengenal pendarahan otak yang dialami Ade Armando,Kesehatan
Inflasi Inggris sentuh level 7 persen pada Maret 2022,Finansial
CEO Nexo Memperkirakan Bitcoin dapat mencapai 100.000 Dollar AS!,Finansial
WHO: Vaksin HPV Bisa Cegah Kanker Serviks,Kesehatan
Waduh akan ada yang mengikuti jejak Rusia dan Sri Lanka gagal bayar utang,Finansial
Hati-hati Salmonella di telur!,Kesehatan
AS Melarang Tes Misil Anti-Satelit,Teknologi
Ekosistem Mobil Listrik Indonesia Diguyur Ratusan Triliun Rupiah,Finansial
Apple mencapai kesepakatan dengan BOE untuk layar iPhone 14,Teknologi
28 April 2022 CPO dan Minyak Goreng Resmi dilarang Ekspor,Finansial
Menuju Target Bebas Malaria 2030,Kesehatan
"PT Garuda Indonesia Tbk. Mendapatkan Penyertaan Modal Negara Senilai Rp7,5 triliun.",Finansial
"Elon Musk menggalang dana sebesar 46,5 Dolar AS untuk membeli penuh Twitter!",Finansial
"CPO Dilarang Ekspor, Harga TBS Sawit Terjun Sampai 50 persen",Finansial
Apple meningkatkan stok seri iPhone 13 Pro sehubungan dengan meningkatnya permintaan.,Teknologi
Galur hepatitis misterius memakan korban,Kesehatan
Tips-tips menghilangkan jerawat,Kesehatan
Work From Home Selamanya? Airbnb aja,Finansial
Tips meredakan kelelahan setelah lebaran,Kesehatan
"Harga emas berjangka Comex Juni turun 1,6%",Finansial
Futures Contract Indeks Dow Jones Menukik Tajam,Finansial
"Hati-hati dehidrasi, hati-hati overhidrasi",Kesehatan
"Mewabah di Indonesia, Kenali Penyakit Mulut dan Kuku",Kesehatan
"Pemerintah India Larang Ekspor Gandum, Harga Gandum Melemah 0,11%.",Finansial
Jerman Stop Impor Minyak Dari Rusia,Finansial
Aturan penggunaan masker dilonggarkan,Kesehatan
"Sedang Pergantian Musim, Waspadai Flu Singapura",Kesehatan
Donor darah untuk kebaikan diri sendiri,Kesehatan
"Investor Pasar Modal Naik 15,11 Persen",Finansial
Resmi! Presiden Komisaris OVO Mengundurkan Diri,Finansial
"Menular, beberapa cara terhindar dari cacar monyet",Kesehatan
Tedros terpilih kembali sebagai dirjen WHO 2022-2027,Kesehatan
BRImo Ada Fitur Konversi Valas Secara Real-Time!,Finansial
GOTO masih Rugi nih…,Finansial
"Vaping lebih aman dari rokok, betulkah?",Kesehatan
Apa yang terjadi ketika kita tenggelam?,Kesehatan
Tax Amnesty Jilid II Akan Segera Berakhir,Finansial
"Indeks Shanghai Naik 1,28 persen",Finansial
Mengenal bahaya kanker serviks yang diderita Lois Owien,Kesehatan
Waspadai kandungan BPA pada Galon Guna Ulang,Kesehatan
Justin Bieber terserang sindrom langka Ramsay Hunt,Kesehatan
IHSG Hari ini masih diperkirakan turun: “yang konflik siapa… yang susah siapa…”,Finansial
Google engineer says Lamda AI system may have its own feelings,Teknologi
"Thailand legalkan ganja, amankah?",Kesehatan
"Paul Fransiskus terkena Osteoarthritis, sebenarnya apa itu?",Kesehatan
"Bitcoin jatuh habis sepekan terakhir, kok bisa?",Finansial
"97,45% Kreditur Menyepakati Proposal Damai Garuda Indonesia",Finansial
"Waspada, cacar monyet mendekat ke Indonesia",Kesehatan
"Pabrik Baru Tesla Masih Boncos Jutaan Dolar, Salahnya Dimana?",Finansial
"Huawei meluncurkan Freebuds Pro 2 dengan Noise Cancelling, IP54, dan dual driver!",Teknologi
Instagram mulai mencoba metode verifikasi video untuk mengetahui usia penggunanya.,Teknologi
"Modal Asing Keluar Rp 8,35 Triliun Dari Pasar Keuangan",Finansial
"Tidak hanya mania dan depresi, ada juga episode ke-3 dalam gangguan bipolar",Kesehatan
"Jangan sembarangan, begini cara pertolongan pertama pasien epilepsi",Kesehatan
Mengenal sekumpulan gangguan kesehatan Tjahjo Kumolo,Kesehatan
Kementerian Pertanian terbobol?!,Teknologi
BFIN bagi-bagi dividen nih…,Finansial
"Waspada, hepatitis akut pada anak bisa menyebabkan otak keracunan amonia",Kesehatan
"Indeks Shanghai Naik 1,28 persen",Finansial
"Waspada Omicron BA.2.75, keturunan baru dari galur BA.2",Kesehatan
Perlukah suplemen protein untuk membentuk otot?,Kesehatan
"5G ditolak kembali! Warga Havant, Inggris menolak Pembuatan Tiang Telepon 5G",Teknologi
"Tingkat Pengangguran AS Stabil, Rupiah Menguat Rp14.979 per Dolar AS",Finansial
"Hati-hati Hijabers, ini yang harus dilakukan bila tersedak jarum pentul",Kesehatan
"Antibiotik tak berkutik, phage pun disuntik",Kesehatan
"Sempat gagal, peneliti AS sukses mencangkok jantung babi ke pasien mati otak",Kesehatan
Ponsel Cerdas yang “Segar” dari Nothing Phone 1,Teknologi
Jerry Ng menjadi pengendali BFIN,Finansial
Kasus Cacar Monyet Tembus Mencapai 11 Ribu Kasus di Seluruh Dunia,Kesehatan
Long COVID ternyata dialami 2/3 pasien di Indonesia,Kesehatan
Direktur Eksekutif UNICEF: Kesehatan anak berada dalam kode merah,Kesehatan
"Mengandung etilen oksida, es krim Haagen-Dazs ditarik dari peredaran",Kesehatan
Update PSE Kominfo: Google dan Youtube masih belum terdaftar,Teknologi
Citi Indonesia Luncurkan Program SSCF Tuk Bantu Klien Dan Mitra Di Indonesia,Finansial
Facebook Akan Rombak Tampilan Halaman Depan Mirip TikTok,Teknologi
Tak kunjung kurus? Operasi bariatrik (bukan) solusinya,Kesehatan
"Waspada, Kasus Cacar Monyet Meningkat di Negara Tetangga, Singapura.",Kesehatan
"Turun pesawat, Jokowi langsung diantar ‘mobil termahal China’",Teknologi
"Cacar monyet mewabah, kenali vaksin Imvanex",Kesehatan
Aturan Google memblokir aplikasi diabetes anak-anak,Teknologi
Waduh Wall Street Turun Nih,Finansial
"Hari ASI Sedunia, apa sih pentingnya ASI?",Kesehatan
Parasetamol bervirus Machupo? UGM: Hoax!,Kesehatan
"Semakin mewabah, kenali dua cara cek status cacar monyet!",Kesehatan
AS menggelontorkan dana 280 miliar dolar ke sektor teknologi untuk menyaingi China,Finansial
Sunscreen Banana Boat ditarik karena benzena. Ada apa dengan benzena?,Kesehatan
Pentingnya Digital Governance pada Industri Keuangan.,Finansial
"Kembali down akibat hacker, Pemasok IT untuk layanan darurat kesehatan Inggris, NHS mendapat serangan ransom.",Teknologi
Leak dari Menkes: Ini Daftar 4 Penyakit yang Bikin Bangkrut BPJS Kesehatan,Kesehatan
Eh kok bisa kecolong? Mengenal kleptomania,Kesehatan
Nasa Makin Serius! Roket utama untuk misi kembali ke bulan akan diujicoba pada akhir Agustus ini!,Teknologi
"Ada Masalah, Museum 11 September di New York Ditutup",Finansial
"Triple Whammy! Pria Italia Terkena Cacar Monyet, COVID-19, dan HIV bersamaan",Kesehatan
Zatko mengekspos lubang raksasa sekuriti Twitter,Teknologi
Diskon Tiket Pesawat Garuda Indonesia,Finansial
Wow! Kini QRIS buatan Indonesia Go Global,Finansial
Klarifikasi: 414 Kasus HIV Mahasiswa Bandung adalah Akumulasi Tiga Dekade,Kesehatan
"BAF raup pembiayaan Rp5,4 triliun per Juni 2022.",Finansial
"Hipertensi mengintai, begini 8 tips mencegahnya",Kesehatan
Pemerintah Resmi Naikan Tarif Ojek Online per 10 September.,Finansial
"Demi zero-Covid, pemerintah China mengunci penduduk Chengdu saat gempa",Kesehatan
Yahh.. Penjualan apartment tidak sesuai ekspetasi,Finansial
"Hidrogen: Dulu membuat Zeppelin terbakar, sekarang disedot emak-emak",Kesehatan
"Warga Karawang Keracunan Gas Klorin, Sekarang Sudah Bisa Pulang",Kesehatan
"Jadi rekor sampai membuat situs Flightradar24 ‘crash’, hampir 5 Juta orang ‘mengikuti’ penerbangan terakhir Ratu Elizabeth II.",Teknologi
"Jari Raja Charles Bengkak, Ini Penyebabnya",Kesehatan
"Minum Parasetamol, Demam Hilang, Nyawa pun Melayang",Kesehatan
Peringatan pesan penipuan warga Inggris raya atas ‘subsidi tagihan energi’,Teknologi
Baru terlihat sedikit ternyata jamurnya membukit,Kesehatan
"2023, minuman manis dicukai?",Finansial
Cahaya di Ujung Terowongan untuk Pandemi Covid-19 Indonesia,Kesehatan
Korea Utara menembakkan misil melintasi Jepang dalam Eskalasi,Teknologi
Penerbangan Perdana Maskapai LCC TransNusa,Finansial
Ilmuwan Inggris temukan golongan darah baru,Kesehatan
"(Advetorial) Kalau orang gak bisa relate sama bertapa sirkelmu menjaga kesehatan mentalmu, ahlipun juga begitu…",Kesehatan
Penyakit Ginjal Misterius Menyerang Lebih Dari 100 Anak,Kesehatan
"No Bra Day, Kenali Manfaat Tanpa Bra Bagi Kesehatan",Kesehatan
"Tak Ada Angin. Tak Ada Hujan, Jadilah IndoVac",Kesehatan
"Steven Indra Wibowo Meninggal Diduga Serangan Jantung, Kenali Gejalanya!",Kesehatan
Kinerja Garuda membaik setelah lolos PKPU,Finansial
"Buntut Kontaminasi Etilen Glikol dan Dietilen Glikol, BPOM Melarang Penjualan Obat Sirup",Kesehatan
"Hati-hati, virus Omicron XBB sudah masuk Indonesia",Kesehatan
"Situs Resmi LIB di Deface, Akankah Membawa Perubahan Positif?",Teknologi
"Sudah Dinyatakan Aman oleh BPOM, Sudah Aman Dikonsumsi?",Kesehatan
"Dampak Resesi Kian Nyata, Jangan Panik! Ini Cara Amankan Finansial",Finansial
"Covid-19 Kembali Naik, China Terapkan Strategi Nol Covid dengan Pembatasan Sosial",Kesehatan
Ancaman PHK Massal Terjadi di Sektor Industri,Finansial
Tanda-tanda Pelonggaran Zero-Covid Policy China Mulai Terlihat,Kesehatan
"NASA Luncurkan Roket ke Bulan, Misi Artemis 1 Dimulai",Teknologi
Piala Dunia 2022 di Qatar Telah Resmi dimulai,Olahraga
"Satu Miliar Orang Beresiko Kehilangan Pendengaran, Apakah Kamu Salah Satunya?",Kesehatan
"ShellBank, Aplikasi Pemutus Perdagangan Penyu Ilegal",Teknologi
"Memandang ke 2023 “Terlalu Optimis”, Diperkirakan Terjadi Penyesuaian Suku Bunga Fed dan Pembukaan Kembali Ekonomi Cina.",Finansial
RUU Kesehatan Menuai Perdebatan Antara Organisasi Profesi dan Kementerian Kesehatan,Kesehatan
Saham RI Memiliki Kemajuan Pesat Hingga Jadi Tertinggi Ke-3 Di Dunia,Finansial
Racun Sadis Mengakibatkan Sekeluarga Di Magelang Tewas Dengan Keadaan Lambung Terbakar,Kesehatan
Jokowi Prediksikan 60% Mobil Listrik di Pasar Global Akan Bergantung Pada Baterai RI,Finansial
"Terjadi Wabah Flu Burung, Peru Umumkan Darurat Kesehatan",Kesehatan
"AS Ijinkan Rebyota, Pengobatan Pertama Menggunakan Mikrobiota Tinja",Kesehatan
"Lord Rangga Tutup Usia Diduga Kelelahan Jadi Pemicu, Ini yang Harus Diwaspadai!",Kesehatan
"Tercemar EG-DG Melebihi Batas Aman, BPOM Mencabut Izin Edar 32 Obat dari PT REMS",Kesehatan
"Sembilan Anak di UK Meninggal Akibat Infeksi Strep A, Orang Tua Diminta Waspada",Kesehatan
Satelit ICON Nasa Hilang Kontak Sejak Akhir November Lalu,Teknologi
"Harga iPhone 15 Ultra Diprediksi Lebih Mahal Dari 14 Pro Max, Akankah Jadi HP Termahal?",Teknologi
Xiaomi Membuktikan Bahwa Pasta Gigi Memperparah Retak pada Layar,Teknologi
Tokopedia Naikkan Biaya Layanan dan Biaya Bebas Ongkir Mulai 2 Januari 2023,Finansial
"Bos Kripto FTX, Sam Bankman-Fried Ditangkap Kepolisian Bahama Karena Kasus Penipuan",Finansial
Apple akan memperbolehkan penginstalan dari Luar Appstore pada update mendatang,Teknologi
Samsung Mobile Akan Membentuk Tim Perancang Chipset untuk Menyaingi Samsung Exynos,Teknologi
Cara-cara Saintifik Mengungkap Pemilik Jari di Dalam Sayur Lodeh,Teknologi
Preview Final Piala Dunia 2022: Siapa Raih Bintang Ketiga?,Olahraga
Teaser Terbaru Vivo Tunjukkan Tanggal Rilis Resmi X90 Series di Pasar Global,Teknologi
Rumor PHK Xiaomi Bikin Panik Ribuan Pegawainya di Tiongkok,Teknologi
Bingung Sama Tulisan Dokter? Google Solusinya!,Teknologi
"Tak Peduli Crypto Winter, Kazakhstan Masih Mencari Peluang Dalam Mata Uang Crypto",Finansial
iPhone SE Generasi 4 Dikabarkan akan Ditunda Hingga 2024,Teknologi
"Tak Perlu Cemas Lagi, Ini Daftar Obat Sirup Yang Aman",Kesehatan
Mediatek Sekali Lagi Rajai Pasar Chipset yang Kompetitif,Teknologi
Redmi K60 Pro Dikonfirmasi akan Membawa Chipset Terkuat Qualcomm!,Teknologi
"Twitter Menghapus Fitur Suicide Prevention, Gara-gara Elon Musk(?)",Teknologi
"Suti Karno Amputasi Kaki Karena Diabetes, Kenali Gejalanya",Kesehatan
Sebuah iPhone 12 Pro Utuh Setelah Jatuh dari Lantai 26!,Teknologi
Smartphone dengan Kecepatan Charging Terkencang di Dunia akan Rilis Pada 5 Januari Tahun Depan,Teknologi
"Ponsel Keluaran Lama Tahun Depan Tidak Bisa Lagi WhatsApp-an, Simak Daftarnya!",Teknologi
Kasus Kematian Pertama Akibat Amoeba Pemakan Otak Terjadi di Korsel,Kesehatan
Apple Harus Merilis Setidaknya 5 Model Berbeda untuk iPhone di Masa Mendatang,Teknologi
Kasus Kematian Akibat Covid-19 di China Capai 9 Ribu Per Hari,Kesehatan
Ronaldo Resmi Gabung Klub Al-Nassr,Olahraga
Tahun 2022 Berakhir dengan Risiko Munculnya Varian Baru Virus Corona Menurut Pakar Kesehatan ,Kesehatan
"Sempat Dialami Indra Bekti, Bagaimana Bisa Hilang Ingatan?",Kesehatan
"96,5% Sampel Air Pembuangan di Bandara Malaysia Mengandung Omicron",Kesehatan
iPhone 15 Series akan Menjadi Smartphone dengan Daya Tahan Baterai Terbaik,Teknologi
"Selain Cip, Semua Pelat Nomor Kendaraan Bakal Dipasang QR Code",Teknologi
Apple Diduga Akan Rilis AirPods Lite Saingi TWS Murah,Teknologi
"Bersaing dengan Google, Microsoft Akan Integrasikan Bing dengan ChatGPT",Teknologi
"PHK 18.000 Karyawan, Amazon Ternyata Punya Robot Pekerja",Teknologi
"Mahasiswi Yogyakarta Ditemukan Tewas di Kamar Kos, Diduga Alami Asam Lambung",Kesehatan
"Realme Konfirmasi Smartphone Pertama dengan Teknologi Fast Charging 240W, Diprediksi akan Rilis di Indonesia",Teknologi
Catat! iPhone Seri Ini Dikabarkan Tidak Akan DIteruskan Apple,Teknologi
"SS-1, Satelit Nano Pertama Buatan Indonesia Meluncur ke Orbit",Teknologi
"Bercermin dari Kasus Indra Bekti, Ini Tips Mencegah Gagal Klaim Asuransi ",Kesehatan
Poco X5 Pro akan dirilis awal di India Akhir Bulan Ini!,Teknologi
"Kalah dari Vietnam, Langkah Indonesia Terhenti di Piala AFF 2022",Olahraga
KPUN Minta Perlindungan Jokowi dari Tsunami Ayam Broiler,Kesehatan
iPhone 15 Pro yang Akan Datang Akan Bawa 6 Fitur Terbaru Ini!,Teknologi
Sony Rilis Project Leonardo Stik PS5 yang Ramah Difabel,Teknologi
Apple Watch Mungkin Saja Akan Di-Banned di Amerika Serikat Karena Ini,Teknologi
"Ciki Ngebul Terus Menelan Korban, Kemenkes Keluarkan Surat Edaran",Kesehatan
"Covid Terkendali, Kemenkes Kembali Berfokus pada Imunisasi Rutin",Kesehatan
La Nyalla Kembali Calonkan Diri Menjadi Ketua PSSI,Olahraga
Kominfo Blokir 7 Situs Jual Beli Organ Tubuh Manusia,Teknologi
R’Bonney Gabriel Dinobatkan Menjadi Miss Universe 2022,Hiburan
Is It The Downfall of Liverpool?,Olahraga
Inilah Standar Baru Tarif Jaminan Kesehatan Nasional ,Kesehatan
Xiaomi dan Poco Mengadakan Gathering Akbar Bertajuk Xiaomi-Poco Community 2023 ,Teknologi
Apple Akhirnya Mulai Mampu Memenuhi iPhone 14 Pro Series yang Membludak dari Akhir Tahun Lalu,Teknologi
"Tak Hanya Gambar, AI Kini Ikut Terjun dalam Bidang Kesehatan",Teknologi
"Launching Poco F5 Sudah Dekat, Produksi Massal Sudah Dimulai di Eropa dan Asia",Teknologi
"PSSI Rilis Bakal Calon Ketua, Wakil, dan EXCO, Banyak Nama Tenar ",Olahraga
"Intinya… Xiaomi dan Poco mengundang penggemar terpilih di acara Xiaomi-Poco Community Gathering 2023 yang berlangsung di dua kota, yakni Jakarta dan Bandung pada 13-14 Januari 2023. ",Teknologi
Samsung Akhirnya akan Mengurangi Lipatan Layar di Galaxy Fold Selanjutnya,Teknologi
"Viral Live TikTok Mandi Lumpur, Polisi Turun Tangan",Teknologi
"Kemasan Penjualan X90 Telah Bocor, Segera Rilis Resmi di Indonesia?",Teknologi
"Terjerat Kasus Pemalsuan Dokumen, Juventus Terima Sanksi dari FIGC",Olahraga
Siri Ternyata Bisa Dibuat Lebih Pintar Dengan ChatGPT,Teknologi
Indonesiabaik,Kesehatan
"Mandi Lumpur Demi Uang, Simak Bahayanya!",Kesehatan
"Vivo X90 Series Segera Meluncur Awal Bulan Depan, Bocoran Antutu, Harga, Pilihan Warna, dan Spesifikasi Telah Muncul",Teknologi
"Dana Nasabah BCA Dicuri Tukang Becak hingga Rp320 Juta, OJK Imbau Nasabah Waspada",Finansial
"Spesifikasi Poco X5 dan X5 Pro Bocor, akan Rilis Secepatnya Awal Tahun Ini",Teknologi
"Sekarang, ATM Mandiri Bisa Setor Tarik Tunai Rp10.000",Teknologi
"NBA Umumkan Starter Pool untuk NBA All-Star 2023, LeBron dan Giannis Kembali Menjadi Kapten",Olahraga
Tab Incognito di Chrome Kini Bisa Dikunci Menggunakan Fingerprint Unlock,Teknologi
Wednesday: Menjelajah Nevermore dan Misteri di Dalamnya,Hiburan
Fitur Apple Terbaru Ini Selamatkan 2 Nyawa di Kanada!,Teknologi
"Kabar Baik! Angka Stunting Indonesia Turun 2,8 Persen ke 21,6 Persen",Kesehatan
WhatsApp Siapkan Fitur Baru Pesan Suara di WA Status dan Edit Foto Mirip Instagram Story,Teknologi
Samsung S23 Varian 128GB Dibuat Lebih Lambat dari yang Lain,Teknologi
Kominfo Gelar Pelatihan Terhadap Serangan Siber,Teknologi
"Bursa Transfer Resmi Ditutup, Klub EPL Menjadi yang Teraktif",Olahraga
"Berantas Calo, Bikin SIM Wajib Scan Wajah",Teknologi
Apple Capai 2 Miliar Perangkat Aktif di Seluruh Dunia,Teknologi
Film Enola Holmes 2: Pecahkan Kasus Bersama Detektif Sherlock dan Enola!,Hiburan
OpenAI Luncurkan ChatGPT Versi Berbayar dengan Fitur Prioritas,Teknologi
"iPhone Generasi Pertama Dilelang, Harganya Ditaksir Senilai Rp754 Jutaan",Teknologi
"Anak Terancam Gagal Ginjal Karena Sirup Lagi, Bagaimana Langkah Pemerintah?",Kesehatan
"Uji Coba Bayar Tol Tanpa Setop Mulai Sebelum Juni 2023 di Bali, Gerbang Tol Bakal Hilang, Nih!",Teknologi
"Apple Akan Rilis iPhone Ultra pada 2024, Ungguli iPhone Pro Max",Teknologi
Apple Berhasil Mematenkan Under-Display FaceID,Teknologi
"Google Perkenalkan Bard, Chatbot Berbasis AI yang Akan Jadi Pesaing ChatGPT",Teknologi
Android 14 Mampu Menghapus Aplikasi Bawaan yang Tidak Kamu Pakai!,Teknologi
"Game Hogwarts Legacy Rilis di Indonesia, Ayo Jelajahi Dunia Sihir Seperti Harry Potter!",Hiburan
"Walau iPhone 15 Bisa Pakai USB-C, Ternyata Kamu Tidak Bisa Pakai Sembarang Kabel!",Teknologi
Indonesia Kirim Bantuan Kemanusiaan untuk Korban Gempa Turki-Suriah,Kesehatan
"Suga BTS Konser Agust D Tour di Indonesia selama Tiga Hari, Catat Jadwalnya!",Hiburan
Hasil Pemilihan Pengurus PSSI: Wajah Baru Mendominasi,Olahraga
Indonesia International Motor Show Digelar di Kemayoran hingga 26 Februari Mendatang!,Teknologi
Samsung Galaxy S23 Ultra Mengalami Bug Aneh di Bagian Kamera Stabilization,Teknologi
"Jawaban Bing Search Error, Microsoft Batasi Chat hanya 5 Pertanyaan",Teknologi
Indonesia Membuka Peluang Kerjasama dengan Takeda Science Foundation ,Kesehatan
Game Angry Birds Original akan Dihapus dari Play Store Hari Ini!,Teknologi
"Netflix di Indonesia Turunkan Harga Langganan, Paket Basic Mulai Rp65 Ribu!",Teknologi
"Mantan Bos FTX, Sam Bankman-Fried Kembali Dituntut Empat Dakwaan Baru",Finansial
"Kasus Suspek Pertama Ditemukan di Spanyol, ini Bahaya Virus Marburg!",Kesehatan
"Dengan SATUSEHAT, 400 Aplikasi Bisa Diintegrasikan",Teknologi
"Xiaomi, Oppo, dan Perusahaan Lainnya Sedang Mengerjakan Proyek Komunikasi Satelit Bersama Qualcomm",Teknologi
BMKG Uji Coba Alat China yang Bisa Berikan Peringatan Sebelum Terjadi Gempa,Teknologi
Satu Dari Setiap Dua Orang Diprediksi Obesitas pada 2035,Kesehatan
Samsung Berhasil Menjual Smartphone Foldable Lebih dari Total Keseluruhan Brand Lain,Teknologi
Chipset Terbaru Qualcomm Dikabarkan akan Melewati Performa dari chip Apple 17 Bionic,Teknologi
Ratusan Ribu Mobil Listrik Xiaomi Ditargetkan Mulai Diproduksi Tahun 2024,Teknologi
"Samsung Galaxy A34 dan A54 akan Dijual Lebih Murah di Beberapa Negara, Salah Satunya di Indonesia",Teknologi
Serba-serbi Konser BLACKPINK WORLD TOUR [BORN PINK] JAKARTA,Hiburan
"Akibat Kondisi Kevin Tak Fit, The Minions Mundur dari All England 2023",Olahraga
Hati-hati Link Palsu SATUSEHAT Melalui Whatsapp,Teknologi
Kenali Efek Buruk Sering Gonta-Ganti Jenis BBM pada Motor,Teknologi
"Enam Venue Piala Dunia U-20, Yakin Lolos Inspeksi FIFA?",Olahraga
Tanzania Memulai Penyelidikan Penyakit Misterius setelah Lima Orang Meninggal,Kesehatan
"Alat Kesehatan Bergantung Impor, RUU Kesehatan Mungkin Solusinya",Kesehatan
Minum Oralit Saat Puasa Beresiko Merusak Ginjal,Kesehatan
Obat Obesitas Dipertimbangkan Masuk ke Daftar Obat Esensial,Kesehatan
Pemerintah Merespon Pengobatan Ajaib Ida Dayak,Kesehatan
Implementasi Transformasi Kesehatan Melesat Melalui Kerja Sama Indonesia-RRT,Kesehatan
China Melaporkan Kematian Pertama Oleh Flu Burung H3N8,Kesehatan
Kemenkes Menyediakan Skrining 14 Penyakit Gratis,Kesehatan
TV Neo QLED Samsung Menerima Sertifikasi Jejak Karbon,Teknologi
"Menjelang Mudik Lebaran 2023, Kemenkes Siapkan Ribuan Posko Kesehatan",Kesehatan
Samsung Melaporkan Pendapatan Kuartalan Terburuk dalam 14 Tahun,Teknologi
"Hampir Dimakan Jokowi, Apa Bahaya Formalin Bagi Manusia?",Kesehatan
"Atlet Para Tenis David Jacobs Meninggal Dunia, Mungkin Ini Penyebabnya!",Kesehatan
Uji Coba Eli Lilly Menemukan Obat Alzheimer Dapat Memperlambat Perkembangan Penyakit,Kesehatan
"Darurat Kesehatan Global Covid-19 Dinyatakan Selesai, Kemenkes: Bukan Berarti Pandemi COVID-19 Berakhir",Kesehatan
NFT petenis nyentrik sudah mulai dijual,Finansial
Risiko di Balik Manfaat Diet Keto,Kesehatan
NASA berencana untuk memensiunkan International Space Station pada 2031,Teknologi
2 Maskapai Penerbangan Raksasa Indonesia Kolaps dan Lakukan PHK Massal,Finansial
Mandalika Siap Digilas Roda,Olahraga
Boom… US$ 90/Barel Minyak AS Pecah Rekor,Finansial
Microsoft mulai uji coba fitur baru eksperimental Windows 11,Teknologi
Mark Zuckerberg Masih Jadi Orang Terkaya?,Finansial
Twitter punya fitur downvote?,Teknologi
Game Berkualitas Ini Hanya Dibuat Oleh Satu Orang,Gaming
Sertifikat Vaksin COVID-19 Internasional dari Indonesia Sudah Terbit!,Kesehatan
Yuk simak fitur-fitur rahasia dari whatsapp,Teknologi
TikTok Uji Kembali Batasan Konten yang Beredar,Teknologi
Siasat Pemulihan Ekonomi Daerah,Finansial
Omicron Sudah Mulai Berdampak Pada Bisnis Perhotelan,Finansial
Mencegah Gejala Berat dan Kematian Akibat Covid-19 dengan Vitamin D,Kesehatan
"Ikut Tren NFT, Anang Hermansyah Kena Masalah dengan Kementerian Perdagangan?",Finansial
Chelsea Maju ke Final Piala Dunia Antar Klub,Olahraga
Inilah Alasan QUIC Masih Mengkhawatirkan Operator Seluler (Forum Pembaca),Teknologi
"70 Persen Air Minum Rumah Tangga di RI Tercemar Tinja, Ini Langkah UNICEF",Kesehatan
"OJK: lembaga keuangan, jangan dibantuin ya perdagangan aset crypto…",Teknologi
Apa itu JHT dan JKN? Kenapa Diperdebatkan?,Finansial
Obat-obat pas isoman buat apa aja?,Kesehatan
Gass! Blind Date on Tinder,Teknologi
Game Battle Royale Baru Ini Masih Gratis,Gaming
Jaga Mental Health Kita Selama Pandemi!,Kesehatan
Intel Buat Chip Untuk Kripto dan NFT,Teknologi
"Ancaman Perang, Ekonomi Indonesia Masih Aman ?",Finansial
Mengenal SpaceX dan Spacewalk Komersil Pertamanya!,Teknologi
Skenario Finansial Jika Perang Dunia Ketiga Benar-Benar Terjadi,Finansial
Kriteria Kontak Erat COVID-19 yang Wajib Dipahami untuk Cegah Omicron,Kesehatan
Disney menunjuk seorang eksekutif secara khusus memimpin strategi untuk metaverse.,Teknologi
"Mbappe Berubah Pikiran, Kini Enggan ke Real Madrid",Olahraga
Indomaret Timbun Minyak Goreng?,Finansial
Bank Dunia Menghabiskan Dana Rp 2.245 Triliun Untuk Tangani Covid-19,Finansial
"“Omicron Cuman Pilek Biasa.” Eitss.. Hati-hati, Varian Ini Bisa Bikin Mr. P Susah Ereksi",Kesehatan
Udah Siap Belum Nih Makan Tanpa Tempe dan Tahu?,Finansial
"Modal Asing Masuk Rp10,81 T Pekan lalu. Pertanda asing masih percaya?",Finansial
Beberapa Rilisan Game Gagal Oleh Publisher Besar,Gaming
Yuk Donor Mata Kita!,Kesehatan
Hii… Data Kita Bisa Hilang Karena Streaming di Web Ilegal?,Teknologi
Saham Yang Jadi Mahar Nikah,Finansial
Kebiasaan Minum Kopi Bisa Kamu Ganti dengan 5 Makanan Ini,Kesehatan
Siap-siap! Syarat Urus SIM Bakal Membutuhkan BPJS Kesehatan,Finansial
"Investor Asing Catat Net Buy Sebesar 1.08 Miliar, IHSG Mengalami Tren Positif",Finansial
Apa Korelasi Cuaca Buruk dengan Koneksi Internet?,Teknologi
Meta dan Google blokir Media – Media Rusia,Teknologi
Game Ringan Berkualitas No Lag No Drama,Gaming
Indonesia sangat terpaku pada ponsel kata Data.ai,Teknologi
Spartak Moscow Didepak dari UEFA League,Olahraga
"Bye bye IGTV, you will be missed!",Teknologi
"Harga Gas Naik, Imbas Perang Rusia-Ukraina",Finansial
Gigi jadi lebih putih dengan terapkan 7 langkah ini,Kesehatan
"Review Singkat Gran Turismo 7, Worth Kah?",Gaming
Playerbase Elden Ring Setara Dota 2 dan Counter Strike,Gaming
Apple memperbarui iOS 15.4 dengan kemampuan membuka Face ID tanpa perlu lepas masker,Teknologi
"Koin Crypto Baru Muncul Terus, Buy or Bye nih?",Teknologi
"Minggu Ceria, Diskon Game-Game Bahagia",Gaming
Penggunaan Crowdsourcing untuk Evakuasi Warga Ukraina,Teknologi
Cepat Ambil Vaksin Boostermu!,Kesehatan
BREAKING NEWS! Gregoria Mariska Resmi Absen dari Swiss Open 2022,Olahraga
Hah… Ada Baterai Seukuran Garam?!,Teknologi
"Fahrenheit, Skema Ponzi, dan Ekonomi Perilaku",Finansial
Benarkah Puasa Menurunkan Kadar Kolesterol,Kesehatan
Xiaomi Mi 11 Meledak saat kondisi masih baru.,Teknologi
Hati-Hati! Pengguna Mobile Banking Harus Perhatikan Ini Bila SIM Card Mati,Finansial
"Jangan Anggap Sepele, Polusi Udara Bisa Menyebabkan Autisme hingga Ginjal",Kesehatan
UNUD Menjadi yang Pertama di Luar Jawa Ekspansi Program Campus Financial Ecosystem milik BNI,Finansial
Beli Minyak pake Bitcoin?,Finansial
Apakah BTC mulai menanjak kembali??,Teknologi
"Riders Republic Kemahalan, Mending Game Ini Aja",Gaming
Vaksinasi COVID Tidak Batalkan Puasa!,Kesehatan
"Produksi Iphone dan Airpods akan dipotong oleh Apple, Gimana nih ?",Teknologi
Marc Marquez Dipastikan Absen MotoGP Argentina,Olahraga
Cara Cek Lokasi Kamera E-Tilang di Aplikasi Waze,Teknologi
Waspadai Kenaikan Harga Pangan dan Inflasi,Finansial
Apa itu penyakit alopecia areata yang diderita istri Will Smith?,Kesehatan
"Ada Karakter Baru di Genshin Impact Versi 2.6, Nih !",Gaming
Telkom Membangun Data Center dan Cloud. Produktivitas akan Meningkat sebesar US$ 120 M,Teknologi
Perebutan 5 Sisa Tiket Piala Dunia,Olahraga
"PPN Naik Jadi 11 Persen, Harga Mie Instan Dan Minyak Goreng Juga Ikut Naik",Finansial
ARA ARA beruntun saham WOMF…,Finansial
"Banjir Dividen, Bikin Cuan di Bulan April",Finansial
Realme C35 Dijual dengan Harga 2 Juta di Indonesia,Teknologi
Perkiraan Harga Jalan Tol pada Google Maps akan hadir di Indonesia,Teknologi
IHSG Tembus Rekor Lagi!,Finansial
"Hati-hati, HP ini bisa memancarkan radiasi yang sangat tinggi",Teknologi
LINE Meluncurkan Pasar NFT di Jepang,Teknologi
Investor Pasar Modal Indonesia capai 8.3 Juta Orang!,Finansial
Xiaomi 10C akan Rilis di Indonesia. Yuk Simak Reviewnya !,Teknologi
Metaverse Sebagai Tempat Marketing yang Super Ampuh,Teknologi
"Elon Musk Beli Twitter, Pengguna Mulai Hilang",Teknologi
Permintaan domain ENS 4 digit melonjak minggu ini dan terus melonjak.,Teknologi
Kirim Uang Kripto dengan Telegram? Bagaimana ya ?,Teknologi
Grup Google Cloud membentuk tim Web3 untuk memanfaatkan popularitas kripto yang sedang booming,Teknologi
"Wabah Hepatitis Misterius, Banyak Menyerang Anak-Anak!",Kesehatan
Lakukan 3 Cek Kesehatan Ini Setelah Lebaran!,Kesehatan
Dunia Tanpa Password Lebih Terjamin Daripada dengan Password ?,Teknologi
Stablecoin Algoritmik: Apa Itu dan Bagaimana Mereka Bisa Sangat Salah,Teknologi
IHSG Ditutup Melemah Pada Minggu Pertama Setelah Libur Lebaran,Finansial
Imunisasi Anak akan Terdata Secara Digital di Aplikasi PeduliLingdungi,Kesehatan
"Kabar Gembira, Kemenkes Umumkan Senam Indonesia Bakal Dilakukan di Setiap Acara Resmi ASEAN",Kesehatan
Perusahaan Keuangan Morgan Stanley Capital International kembali melakukan rebalancing komposisi indeksnya,Finansial
SpaceX Ingin Bangun Bandara di IKN. Gimana ya ?,Teknologi
"Boleh Lepas Maker di Tempat Terbuka, Transmisi dari Pandemi ke Endemi",Kesehatan
"GOTO Naik 56%, IHSG Menguat",Finansial
Leica Resmi Bekerja Sama ke Xiaomi Setelah memutuskan hubungan dengan Huawei,Teknologi
"Munculnya Kasus Cacar Monyet, Indonesia Harus Tetap Waspada Walaupun Belum Ada Laporan Kasus",Kesehatan
6G akan hadir pada tahun 2030. Smartphone akan menghilang ?,Teknologi
IHSG menuju ke level 7.200!,Finansial
Stock split 3-untuk-1 Tesla: Tanggal dan Informasi untuk Investor.,Finansial
Bom difficulty Ethereum tertunda tetapi adopsi jaringan masih berkembang,Teknologi
"Mengapa Internet Mengobrol Tentang DALL-E Mini, Alat AI Gratis yang Mengubah Teks Apapun Menjadi Seni.",Teknologi
"Privasi, Skalabilitas, dan Interoperabilitas adalah masa depan Blockchain untuk DZK",Teknologi
IHSG Gagal Tembus Ke Level 7.200 Pekan Ini,Finansial
Pembajakan DNS Mengkompromikan Layanan Ankr untuk Polygon dan Fantom,Teknologi
Insinyur Google mengatakan sistem AI Lamda mungkin memiliki perasaannya sendiri,Teknologi
Sejumlah PSE besar belum terdaftar di PSE Kominfo.,Teknologi
"Pekan Ini, IHSG Ditutup Menurun Hampir 2 Persen",Finansial
"The Fed Resmi Naikkan Suku Bunga, Bagaimana Respon Bank Sentral Global?",Finansial
"IHSG Ditutup Menguat Pekan Ini Sebesar 0,64%",Finansial
China tampaknya telah menemukan cara membuat chip 7nm meskipun ada sanksi AS,Teknologi
Bank Indonesia Siap Keluarkan Rupiah Digital Sebagai Tender Resmi Pembayaran Digital,Teknologi
Ambulans Indonesia Jadi Contoh Bagi Negara Lain,Kesehatan
Paulo Banchero Menjadi 1st Pick Pada NBA Draft 2022,Olahraga
Kyrie Irving menuju LA Lakers?,Olahraga
Bagaimana Blockchain Membantu Memecahkan Kerawanan Pangan Di Afrika,Teknologi
"Tingkat Pengangguran AS Stabil, Rupiah Menguat Rp14.979 per Dolar AS",Finansial
"IHSG melemah 0,80 persen pada pekan lalu",Finansial
Game Terakhir lawan Juara Bertahan,Olahraga
Facebook Akan Rombak Tampilan Halaman Depan Mirip TikTok,Teknologi
"Implementasi Transformasi Layanan Primer, Kemenkes Gelar Pemberian Tablet Tambah Darah di Kabupaten Bogor",Kesehatan
Dua Langkah Terakhir Bagi Australia Untuk Pertahankan Gelar,Olahraga
"Hari Hepatitis Sedunia, “Bringing Hepatitis Care Closer to You”",Kesehatan
Babak Playoff IBL 2022 Akhirnya Mulai!,Olahraga
"Menjelang Mulainya NBA Musim 2022/23, Masih Banyak Pemain Yang Masih Free Agent",Olahraga
Ini Strategi Kemenkes Kembali Bangkitkan Layanan Kesehatan Pasca Pandemi,Kesehatan
"Suku Bunga The Fed Berpotensi Meningkat, Indeks Dolar AS Menyentuh Level Tertinggi!",Finansial
Ajang Balas Dendam Pelita Jaya Ataukah Satria Muda Berhasil Mempertahankan Gelar?,Olahraga
"Total Lebih Dari 1,5M Pounds Pada Bursa Transfer Musim Panas EPL!",Olahraga
Lagi-Lagi Satria Muda Keluar Sebagai Juara!,Olahraga
Bangkit berhasil meluluskan 2.517 mahasiswa dari 226 kampus se-Indonesia.,Teknologi
Peretas menggunakan 4 teknik ini untuk membobol akun anda,Teknologi
"Kalah Lagi, Ganti Pelatih Lagi.",Olahraga
Konsumsi Energi Ethereum Berkurang 99.99% setelah Merge Ethereum 2.0,Teknologi
Pembuat chip Qualcomm mengatakan bisnis otomotif masa depan berkembang menjadi $30 miliar,Teknologi
"Masa depan dapur awan: Efisiensi, pertumbuhan, ekspansi, dan lainnya",Teknologi
Seth Rollins Kalahkan Bobby Lashley dan Jadi United States Champion,Olahraga
3 Pertarungan yang Diantisipasi Saat WWE Crown Jewel 5 November 2022,Olahraga
Konsumsi Energi Ethereum Berkurang 99.99% setelah Merge Ethereum 2.0,Teknologi
Pembuat chip Qualcomm mengatakan bisnis otomotif masa depan berkembang menjadi $30 miliar,Teknologi
Kemenkes Minta Vaksin Booster COVID-19 Terus Digencarkan,Kesehatan
Seth Rollins Kalahkan Bobby Lashley dan Jadi United States Champion,Olahraga
Inklusifitas dalam Penurunan Stunting,Kesehatan
3 Pertarungan yang Diantisipasi Saat WWE Crown Jewel 5 November 2022,Olahraga
Ezra Miller akan Dipecat dari Peran The Flash,Hiburan
Elon Musk Akan PHK 75% Pegawai Twitter,Teknologi
"Tersandung Skandal Keuangan, Manchester City Terancam Degradasi",Olahraga
BNI Digitalkan BNI Java Jazz 2020,Finansial
Jokowi Janji Buka 3 Juta Lapangan Kerja di Ibu Kota Negara Baru,Finansial
Video Erick Thohir: Banyak Pihak Swasta Akali BUMN!,Finansial
"Dikritik Keras DPR soal Banjir, Anies Buka Suara",Finansial
OJK Perketat Penjualan Reksa Dana di Perbankan,Finansial
"Wishnutama Mau Gelontorkan Rp 72 M untuk Influencer Asing, Buat Apa?",Finansial
Erick Thohir Beberkan Rencana Bisnis 'The New Oil' Telkom,Finansial
Investasi di Ibu Kota Baru Tak Perlu Lewat BKPM,Finansial
"Tangkis Corona, Pemerintah Gelontorkan Rp 1,5 T ke Sektor Properti",Finansial
Pedagang di Bunaken Khawatir Bangkrut Gara-gara Geger Corona,Finansial
"Diskon Tiket Pesawat 3 Bulan, Menhub: Bisa Diperpanjang",Finansial
Duh! Rupiah Palsu Paling Banyak Ditemukan di Jawa,Finansial
"Banyak Slot Penerbangan Internasional Kosong, Ini Langkah Menhub",Finansial
"Ekonomi China Turun 1% Gegara Corona, Sri Mulyani: Kita Bisa ke 4,7%",Finansial
"Di Depan CT, Airlangga Beberkan Isi Omnibus Law Cipta Kerja",Finansial
"Sebut Kasus Jiwasraya Kebobrokan, Erick Thohir: Merampok Pensiunan!",Finansial
Milenial Paling Banyak Ditolak Bank saat Ajukan KPR,Finansial
Bus Amfibi Rp 150 M Bakal Wira-wiri di Ibu Kota Baru,Finansial
Akad KPR Massal BNI Bulan Ini Tembus 2.046 Debitur,Finansial
"Peredaran Uang Palsu di RI Turun, Ini Datanya",Finansial
"Asing Minati Ibu Kota Baru RI, Jokowi Minta Pembangunan Dikebut",Finansial
"Kendaraan Serba Listrik di Ibu Kota Baru, Seperti Apa Konsepnya?",Finansial
Ini Cara Bedakan Rupiah Palsu dan Asli,Finansial
Luhut Sebut 30 Investor Rebutan Garap Proyek Ibu Kota Baru,Finansial
AS hingga Jepang Cari Tanah di RI buat Bangun Pabrik,Finansial
Proyek Tol Yogya-Solo Tetap Jalan di Tengah Corona,Finansial
Kemenhub: Tidak Ada Kenaikan Tarif Angkutan Umum!,Finansial
"Masuk New Normal, Konsumsi BBM di Aceh Naik",Finansial
Buset! Utang AS Tembus Rp 782.000 Triliun,Finansial
"Siang Hari, Dolar AS Turun Tipis ke Rp 14.110",Finansial
"Di Tengah Corona, Pemerintah Kantongi Rp 68 T dari Cukai",Finansial
"Turun Lagi, Harga Emas Antam Hari Ini Terpangkas Rp 7.000",Finansial
"Apple dan YouTube Gelontorkan Rp 1,4 T Demi Berantas Rasisme",Finansial
"Katanya Resesi, Kok Pasar Saham AS Bisa Pulih?",Finansial
Ada 162.000 Lebih Korban PHK di Jakarta Bakal Dapat Insentif,Finansial
RI Terima Bantuan 50.000 Alat Tes Corona dari Korsel,Finansial
Nilai Rupiah Masih Kemurahan!,Finansial
"Sri Mulyani Buka-bukaan Skenario Terburuk Ekonomi RI: Hanya Tumbuh 2,3%",Finansial
Penyesuaian Tarif Kapal Feri Belum Diputuskan,Finansial
"BIN Buka Lowongan Tim Penanganan Corona, yang Lolos Bisa Jadi PNS!",Finansial
Pendirian Perusahaan Patungan dengan BUMDes di Kabupaten Rembang,Finansial
OJK Sebut Kondisi Bank Masih Baik di Tengah Corona,Finansial
Orang Terkaya Hong Kong Sumbang 'Kapsul' Lawan Corona,Finansial
Hidup Driver Ojol Diombang-ambing PSBB,Finansial
PNS Dilarang Cuti Selama Pandemi Corona!,Finansial
DPR Tanya Anggaran Kemenkeu Bisa Dipotong Lagi? Ini Jawab Sri Mulyani,Finansial
"THR Bisa Dicicil atau Ditunda, Baca Selengkapnya di Sini!",Finansial
"Nyaris 7 Juta Orang Sekarang Nganggur, Pak Jokowi",Finansial
"Mal Ramai-ramai Tutup, Konsumsi Listrik Turun 60%",Finansial
Sri Mulyani Jawab soal Tak Adanya Tender dengan Mitra Kartu Pra Kerja,Finansial
"Ada Rp 600.000 Buat Petani dari Jokowi, Minat?",Finansial
MotoGP Diupayakan Bergulir Tanpa Penonton,Olahraga
Olimpiade Sulit Dilaksanakan Jika Vaksin Corona Tak Kunjung Ditemukan',Olahraga
"Di Sirkuit Monas, Formula E Bisa Gaspol 220 Km/Jam",Olahraga
Windy Cantika Raih Tiga Emas di Kejuaraan Asia Angkat Besi,Olahraga
KOI: Jokowi Minta Jakarta Jadi Tuan Rumah Olimpiade 2032,Olahraga
Indonesia Vs India di Semifinal Kejuaraan Bulutangkis Beregu Asia,Olahraga
"Dijamin Keren, Ini 10 Gol Terbaik Hakim Ziyech",Olahraga
Menpora Minta Greysia Polii dkk Tiru Perjuangan Tati Sumirah,Olahraga
"Keok, Bagaimana Peluang Indonesia ke Piala Uber?",Olahraga
"Formula E Tetap di Monas, Jakpro Klaim Sudah Kantongi Surat Izin",Olahraga
"Ini Mara Gomez, Pesepakbola Transgender Pertama Argentina",Olahraga
Kejuaraan Bulutangkis Beregu Asia: Line Up Indonesia Vs Filipina,Olahraga
"Olimpiade Lanjut atau Mundur, Angkat Besi Indonesia Tetap Siap",Olahraga
MotoGP Prancis Berpeluang Ditunda ke Bulan Juni,Olahraga
"Ada Pandemi Corona, Olimpiade Tokyo 2020 Harus Ditunda'",Olahraga
Perpani Berencana Gelar Pelatnas Mulai 1 April Sembari Pantau Isu Corona,Olahraga
"Daihatsu Indonesia Masters: Kevin/Marcus Menang Susah Payah, Jonatan Lolos",Olahraga
Anthony Ginting Singkirkan Parupalli Kashyap,Olahraga
Fajar/Rian Melaju ke Babak Kedua Indonesia Masters 2020,Olahraga
Daihatsu Indonesia Masters: Fajar/Rian dan The Daddies Melaju ke 16 Besar,Olahraga
"Sedih Banget! Gregoria Tumbang, Tunggal Putri Indonesia Ludes",Olahraga
"Apriyani Main Rangkap, Greysia: Enggak Masalah, Fisiknya Kuat Bagai Kerbau",Olahraga
"Dikalahkan Korea, Bagaimana Kans Indonesia di FIBA Piala Asia?",Olahraga
12.000 Pelari Siap Rebut Hadiah Rp 1 M di Mandiri Jogja Marathon 2020,Olahraga
Buat Fans Liverpool di Indonesia: Ada Kop Run April Nanti,Olahraga
KONI Optimistis PON Papua Bakal Ramai Penonton,Olahraga
Panpel PON Tak Boleh Ulangi Keburukan SEA Games 2019,Olahraga
Video Gol-gol Bayern yang Bikin Ambyar Chelsea,Olahraga
"Jadi Ketum FPTI, Yenny Wahid Bikin Program 100 Dinding Panjat",Olahraga
Pembangunan Rumah Indonesia di Olimpiade Tokyo Tunggu Dana Pemerintah,Olahraga
Juventus Atau Inter Milan Jadi Tujuan 'New Andrea Pirlo',Olahraga
"Debut di MotoGP Virtual, Jorge Lorenzo Langsung Juara",Olahraga
"Mike Tyson Adalah Legenda, Buat Apa Meninjunya'",Olahraga
"Selepas Ferrari, ke Mana Vettel Akan Berlabuh?",Olahraga
Haaland Tak Sabar Ingin Melawan Bayern Munich,Olahraga
Korsel Bungkam Indonesia di Kualifikasi FIBA Asia 2021,Olahraga
"Barcelona Gaet Martin Braithwaite, Klausul Rilisnya Fantastis",Olahraga
"Video Euforia Persebaya Usai Tekuk Persija, Rebut Piala Gubernur Jatim",Olahraga
Video Antrean Suporter Berburu Tiket Jelang Persebaya Vs Persija,Olahraga
Video Rally 2 Menit Ganda Putri Indonesia Demi 1 Poin,Olahraga
Anthony Ginting Tekuk Axelsen hingga Jungkir Balik,Olahraga
UFC 246: McGregor Kalahkan Telak Cerrone Soal Bayaran Duel,Olahraga
Rossi Masih Bisa Balapan Sampai Empat Tahun Lagi',Olahraga
"Pandemi Virus Corona Belum Reda, ONE Championship Gimana?",Olahraga
Sebastian Vettel Tinggalkan Ferrari Akhir Musim,Olahraga
AC Milan Ingin Angkut Luka Jovic dari Real Madrid,Olahraga
Ducati Lebih Butuh Dovizioso daripada Dovizioso Butuh Ducati',Olahraga
Quartararo Ingin Lihat Rossi Balapan Sampai Umur 65 Tahun,Olahraga
Juventus Memburu 'The Next Ronaldo',Olahraga
"ASEAN Para Games Mundur, Atlet Tenis Meja Tetap Asyik Latihan",Olahraga
"Pocari Sweat Run Bandung Batal, Peserta Diajak Donasi Lawan COVID-19",Olahraga
"5 Pebulutangkis Terbaik Pilihan Pemain Denmark, 2 dari Indonesia",Olahraga
"Maaf Bayern Munich, Timo Werner Cari Klub Luar Jerman",Olahraga
Pebulutangkis Muda RI Gondol Gelar Juara di Jerman,Olahraga
Gol-gol Man United yang Pecundangi Man City,Olahraga
We Love This Game: Melihat Lagi Cinta Kobe Bryant dengan Gianna pada Basket,Olahraga
Ini Lawan RI di Perempatfinal Kejuaraan Bulutangkis Beregu Asia 2020,Olahraga
"Kobe Bryant Meninggal, Laga Lakers Vs Clippers Ditunda",Olahraga
"Jarang Dimainkan Timnas di IBL, Kevin Yonas Tak Ambil Pusing",Olahraga
"Taring Tunggal Putri Masih Tumpul, Persaingan Memang Kian Ketat",Olahraga
Kevin/Marcus Lolos ke Olimpiade 2020!,Olahraga
Liverpool Mengincar Samuel Chukwueze,Olahraga
"MotoGP Italia Dibatalkan, Ini Balapan yang Tersisa di 2020",Olahraga
Atlet Berkuda Ini Tetap Berlatih di Masa Pandemi,Olahraga
Ambisi Lifter Windy Tembus Lima Besar Kualifikasi Olimpiade Tokyo,Olahraga
Taekwondo Indonesia Segera Mulai Pelatnas,Olahraga
Khabib Nurmagomedov Vs Justin Gaethje Siap Duel September Nanti,Olahraga
Pelatnas Jarak Jauh NPC Indonesia Masih Terkendala Susah Sinyal,Olahraga
Rossi: Masa Sulit Lorenzo Mirip Sepertiku Saat di Ducati,Olahraga
"Andai Gagal Naturalisasi, Timnas Basket Akan Minta Ronaldo Sitepu Comeback",Olahraga
Perbasi Kenalkan Logo Baru Timnas Basket Indonesia,Olahraga
IBL 2020: Bima Perkasa Siapkan Kejutan untuk Louvre Surabaya,Olahraga
Keping Puzzle MU yang Hilang itu Bernama Bruno Fernandes,Olahraga
All England Open 2020: The Daddies Gagal ke Semifinal,Olahraga
Jakarta BNI 46 Kalahkan Juara Bertahan Surabaya Bhayangkara Samator,Olahraga
Video Mbappe Ngambek Saat Diganti Mauro Icardi,Olahraga
"Baru Berlabuh di MU, Bruno Fernandes Sudah 'Pindah' ke Wolves",Olahraga
Liverpool Perlebar Jarak dengan Manchester City,Olahraga
"Tundukkan Atletico, Madrid Menjauh dari Barcelona",Olahraga
"Usai Juara Grand Slam, Priska Madelyn Kini Menatap Fed Cup 2020",Olahraga
Perbasi Lakukan Seleksi Ulang untuk Timnas Basket Indonesia,Olahraga
Alasan Mulia Mike Tyson Mau Naik Ring Tinju Lagi,Olahraga
"Ducati Optimistis Dovizioso Akan Bertahan, tapi...",Olahraga
"Barcelona Incar Lautaro, Inter Milan Beri Syarat",Olahraga
Jadwal Padat Indonesia Menuju Piala Thomas dan Uber 2020,Olahraga
Menpora: Indonesia Kehilangan Sosok Hebat di Dunia Atletik,Olahraga
Lebih Oke Valentino Rossi atau Casey Stoner? Ini Kata Marc Marquez,Olahraga
Chelsea Inginkan Neuer di Bawah Mistar Gawang,Olahraga
"Bob Hasan, Bapak Atletik Indonesia Tutup Usia",Olahraga
"Manchester City Hajar Port Vale, MU Ditahan Imbang Wolves",Olahraga
Ronaldo Bantu Juventus Singkirkan AS Roma di Coppa Italia,Olahraga
Dua Gol Burnley Permalukan MU di Kandang,Olahraga
"Menuju Olimpiade 2020, Timnas 3x3 Putri Ikut Turnamen Kualifikasi di India",Olahraga
Senangnya Marco Motta Gabung Persija Jakarta,Olahraga
Indonesia Diyakini Bakal Sukses Gelar Piala Dunia Basket 2023,Olahraga
Andrea Iannone Terancam di-PHK Aprilia Akibat Kasus Doping,Olahraga
Proliga 2020: Putri Jakarta Pertamina Energi Sapu Bersih di Purwokerto,Olahraga
Dani Pedrosa Jadi yang Tercepat di Tes Shakedown Sepang,Olahraga
"Tragedi George Floyd, Dunia Tinju Ikut Bersimpati",Olahraga
Kematian George Floyd dan Bahayanya Serangan ke Leher Manusia,Olahraga
7 Wakil Indonesia Lolos Perempatfinal Indonesia Masters 2020,Olahraga
Greysia/Apriyani Singkirkan Wakil Kanada,Olahraga
Ekspresi Kemenangan Anthony Ginting,Olahraga
Rahasia Kaya Raya dari Game,Gaming
Pelatih Gamer Bisa Jadi Alternatif Karier di Tengah Corona,Gaming
Alasan Game RI Kalah Saing dengan Asing,Gaming
Masa Karantina Jadi Asyik dengan Memainkan 5 Game Memasak Ini,Gaming
Gamer's Paradise: Tempat Nongki Baru Buat Para Gamer yang Doyan Makan,Gaming
"Ada Game Musik di Google Doodle Hari Ini, Sudah Coba?",Gaming
Puja-puji Bos Epic Games untuk PS5,Gaming
Rilis PlayStation 5 Terganjal Pandemi Corona? Ini Kata Sony,Gaming
Joe Taslim Jadi Karakter di Game 'Free Fire',Gaming
"Baru! Forza Street, Game Balap Gratis untuk Android dan iOS",Gaming
Morph dan Belletron Ace Jawari Dunia Games League 2020,Gaming
"Mantul, Indonesia Punya Game eSport MOBA Pertama! Namanya Lokapala",Gaming
Gamer Pokemon Go Jajan Rp 330 Miliar Selama Pandemi,Gaming
"Game Bertema Ramadhan, Teman Seru Buat Ngabuburit",Gaming
Kisah Sedih di Balik Terciptanya Game The Sims,Gaming
Pengalaman Mobile Gaming di Indonesia Kurang Memuaskan,Gaming
"Nostalgia, Konten Ragnarok Ada di Free Fire",Gaming
Ubisoft Gratiskan Game Assassin's Creed 2 Minggu Ini,Gaming
"IVPL Gelar Turnamen Mobile Legends, Hadiahnya Rp 150 Juta",Gaming
SEGA Segera Rilis Game Gear Mini Seharga Rp 650 Ribuan,Gaming
"Free Fire Master League Digelar, Garena Ingin Cetak Jagoan eSports",Gaming
Bigetron Red Aliens Jadi Jawara PUBG Mobile Pro League 2020,Gaming
"Grand Final Dunia Games League 2020 Berhadiah Total Rp 1,6 M Lho",Gaming
Update PUBG Mobile 0.16.5 Bawa Segudang Fitur Baru,Gaming
Corona Bikin Kompetesi PUBG Mobile Pro 2020 Pindah ke Online,Gaming
PUBG Mobile Klaim Pecahkan Rekor Live Streaming Terlama,Gaming
"PUBG Mobile Pro League 2020 Digelar, Hadiahnya Rp 14,2 Miliar",Gaming
Ini Dia Juara PUBG Mobile Campus Championship 2019,Gaming
16 Tim PUBG Mobile Adu Jago di PMPL Spring Split 2020 SEA,Gaming
"Call of Duty: Mobile Bikin Turnamen eSport, Hadiahnya Rp 15 Miliar",Gaming
Call of Duty: Mobile Bakal Kehilangan Mode Zombie,Gaming
PUBG Mobile Bikin Tantangan Video Singkat #PlayInTheSafeZone,Gaming
Ini yang Dilakukan PUBG Mobile Melawan 'Cheater',Gaming
Ini 16 Tim yang Tanding di PUBG Mobile Pro League SEA,Gaming
Mobile Legends Gelar Pertandingan All Star Antar Pemain Pro,Gaming
"16 Tim Rebutan Rp 16,7 Miliar di Final PUBG Mobile Pro League",Gaming
8 Tim Rebutkan Rp 4 Miliar di Turnamen Mobile Legends,Gaming
Dor-dor! Keseruan di Update Terbaru Call of Duty: Mobile,Gaming
Alienware Bikin PC Gaming Berbentuk Mirip Nintendo Switch,Gaming
Assassin's Creed: Valhalla Jadi Game Andalan Xbox Series X,Gaming
Game PS5 Tidak Akan Kompatibel di PS4?,Gaming
Game The Last of Us Part II Siap Dirilis di Indonesia,Gaming
"Jadi Game PS5, GTA V Memang Nggak Ada Matinya",Gaming
"Jadi Karakter dalam Game 'Free Fire', Joe Taslim: Dream Comes True",Gaming
"Minecraft Dungeons Dirilis, Punya Gameplay Baru",Gaming
"Minecraft Jadi Game Paling Laris di Dunia, Laku 200 Juta Kopi",Gaming
Mobile Gaming Meroket Saat Corona Bikin Black Shark Pede,Gaming
Nintendo Buka Tempat Nongkrong Khusus Ngegame di Bandara,Gaming
Pameran Game Dunia E3 2020 Resmi Dibatalkan Karena Corona,Gaming
"Pendapatan Turun 25%, Fortnite Tetap Jadi Game Teratas di 2019",Gaming
"The Last of Us Part II Ditunda, Duit Gamer Di-refund",Gaming
"Wow, Game Flight Simulator Tampilkan Semua Bandara di Dunia",Gaming
Xbox Baru Bakal Bisa Mainkan Game PC?,Gaming
Epic Games Akhirnya Luncurkan Fortnite di Google Play Store,Gaming
Epic Games Tunda Fortnite Season Baru,Gaming
"Fortnite Bikin Turnamen Khusus PS4, Hadiahnya Rp 13,7 Miliar",Gaming
Gamer Bikin Replika Rumah Sakit Corona di Minecraft,Gaming
Pemain Fortnite Lebih Banyak dari Rakyat Indonesia,Gaming
"Pencapaian Roblox, Salip Minecraft dan Bernilai Rp 57 Triliun",Gaming
"Sekolah Ditutup karena Corona, Murid di Jepang Gelar Wisuda di Minecraft",Gaming
Social Distancing Sempat Bikin Game Fortnite Down,Gaming
"Terkurung Corona, Anak-anak Italia Main Fortnite  & Call of Duty",Gaming
"Travis Scott Bikin Konser Virtual di Fortnite, Seperti Apa?",Gaming
"Usai Travis Scott, Fortnite Ajak Diplo Konser",Gaming
10 Game Nintendo Switch Terlaris,Gaming
"51 Game Klasik Nintendo, Cek Daftarnya di Sini",Gaming
Ada Nintendo Switch Baru untuk 2020?,Gaming
Animal Crossing Genjot Penjualan Nintendo Switch,Gaming
"Dapat Suntikan Rp 17 T, Saham Nintendo Melesat",Gaming
"Dari Game Mobile, Nintendo Raup Rp 14 Triliun",Gaming
"Gawat, 300 Ribu Akun Nintendo Dihack",Gaming
Hacker Pembobol Server Nintendo Diciduk FBI,Gaming
"Imut Banget, Nintendo Siapkan Switch Lite Warna Coral Pink",Gaming
"Ingin Beli Nintendo PlayStation, Siapkan Rp 4,2 Miliar",Gaming
"Langka di Mana-mana, Nintendo Kebut Produksi Switch",Gaming
Mau Bersihkan Nintendo Switch? Jangan Pakai Alkohol Ya...,Gaming
"Mau Bikin Switch dengan Dua Layar, Nintendo?",Gaming
Nintendo Gugat Pembajak Switch,Gaming
Nintendo Hadirkan Mode Multiplayer untuk Mario Kart di iOS,Gaming
"Nintendo PlayStation Langka Terjual Rp 5,2 Miliar",Gaming
"Nintendo Switch Sempat Langka, Ternyata Bot Ini Penyebabnya",Gaming
"Nintendo Switch vs PS4 di Musim Pandemi, Siapa Juaranya?",Gaming
Nintendo Tetap Hibur Fans Meski E3 2020 Batal,Gaming
Nintendo Ungkap 160.000 Akun Dibobol Hacker,Gaming
Pendongkrak Sukses Nintendo Switch yang Bernama Zelda,Gaming
Pengguna Nintendo Switch Keluhkan Akunnya Diretas,Gaming
"Susah Dapat Nintendo Switch Waktu Pandemi, Gamer Ini Rakit Sendiri",Gaming
Switch Lampaui Penjualan Super Nintendo,Gaming
"Tak Cuma Masker dan Hand Sanitizer, Nintendo Switch Pun Langka",Gaming
Virus Corona Ganggu Produksi Nintendo Switch,Gaming
Wah! Crysis Remastered Bakal Bisa Dimainkan di Nintendo Switch,Gaming
Bos Perusahaan PUBG cs Salip Jack Ma Jadi Orang Terkaya China,Gaming
Fitur Baru di PUBG Mobile 0.16.5,Gaming
Haruskah PUBG cs Diblokir karena Bikin Negara Rugi Triliunan?,Gaming
Ikutan Yuk! Pevita Pearce Ajak Donasi Sambil Mabar Happy Go PUBG,Gaming
Inspirasi Nickname PUBG Keren buat yang Belum Ada Ide,Gaming
Luxxy 'BTR' Masuk 5 Besar Pemain PUBG Terbaik di Dunia,Gaming
"Main PUBG Bikin Negara Rugi, Kok Bisa?",Gaming
"Makin Eksis, PUBG Raup Pendapatan Terbesar Dunia",Gaming
Nah Lho! PUBG cs Bikin RI Tekor Triliunan Rupiah,Gaming
"Nggak Ada Matinya, PUBG Raup Pendapatan Terbesar Rp 3,2 Triliun",Gaming
Pevita Pearce Gaet Ariel 'NOAH' hingga Jefri Nichol Mabar PUBG dan Donasi,Gaming
"PUBG Beri Cuan Rp 78,4 Triliun Bagi Perusahaan China",Gaming
"PUBG Cs Bikin RI Rugi Triliunan Rupiah, Kok Bisa?",Gaming
"PUBG Cs Bisa Bikin Tekor RI, Ini Penjelasannya",Gaming
"PUBG cs Bisa Bikin Tekor RI, Masih Mau Main?",Gaming
"PUBG Mobile Rilis Mode Baru, Seperti Apa?",Gaming
Server PUBG Jebol Gegara Wabah Virus Corona,Gaming
Virus Corona Bikin Server PUBG Jebol,Gaming
Jawaban Krisdayanti dan Raul Lemos untuk Aurel dan Azriel,Hiburan
Kekhawatiran Pangeran Harry tentang Masa Depan Sang Anak,Hiburan
"Sinopsis The Hunger Games Catching Fire, Tayang Malam Ini di Trans TV",Hiburan
"New Normal New Spirit, Afgan Ingatkan Tetap Berkarya dan Berbagi",Hiburan
"Sinopsis Escobar: Paradise Lost , Malam Ini Tayang Perdana di Trans TV",Hiburan
Sinopsis Anaconda 3: Offspring di Bioskop Trans TV Malam Minggu,Hiburan
#7toEternityWithBTS! ARMY Rayakan 7 Tahun Anniversary BTS,Hiburan
BIGBANG Dikabarkan Bakal Comeback Usai Batal Manggung di Coachella,Hiburan
Terkuak! Aliando dan Prilly Latuconsina Memang Pernah Pacaran,Hiburan
Prekuel 'Game of Thrones' Diperkirakan Tayang 2022,Hiburan
Nagita Slavina Ngebet Banget Mau Punya Rumah di London,Hiburan
Sule dan Rizky Febian Kangen Berat sama Lina,Hiburan
Kebahagiaan Ahok dan Puput Usai Dikaruniai Anak,Hiburan
"Ayu Ting Ting, Billy Syahputra, Vicy Melanie hingga Wika Salim",Hiburan
"Perdana Tampil di Publik, Pangeran Harry Bahagia Banget!",Hiburan
"Rafathar Beri Kado Tas Mahal untuk Gempita, Intip Harganya Nih!",Hiburan
Taeyang Ceritakan Keinginannya soal Penampilan BIGBANG di Coachella,Hiburan
"Selain Gugat Cerai, Benazir Juga Ajukan Itsbat",Hiburan
Penampilan Perdana Pangeran Harry Usai 'Pamit' dari Anggota Kerajaan,Hiburan
Stephen King Dikritik karena Komentar soal Keragaman,Hiburan
Legend! Dian Sastro dan Zara Ajak Slamet Rahardjo Main Tik Tok,Hiburan
Pentas 'Planet Sebuah Lament' di Jakarta Jadi Pembuka Tur Internasional,Hiburan
DC Rilis Trailer 'New Green Lantern: Legacy',Hiburan
"Bad Boys For Life, Ini Sinopsis Film yang Dibintangi Will Smith",Hiburan
"Zico 'Any Song', Lagu Korea Pertama Raih Perfect All-Kill di 2020!",Hiburan
Sutradara 'Thor: Ragnarok' Dikabarkan Garap 'Star Wars',Hiburan
Disney on Ice' Bawa Tangga Besar Elsa 'Frozen',Hiburan
Galabby Sebut Hal Tersulit di Pentas 'Planet Sebuah Lament',Hiburan
Ungkapan Iri John Cena pada January Jones Bisa Foto Bareng BTS,Hiburan
Drama Pertikaian Lucinta Luna dan Keanu yang Kian Memanas,Hiburan
"Mengenal Martha Graham, Koreografer yang Menginspirasi 'Black Swan' BTS",Hiburan
Cara Hanggini dan Junior Roberts Bangun Chemistry di Film 'Geez & Ann',Hiburan
Svmmerdose Gelar Tur Pertama ke 6 Kota,Hiburan
Teman Tapi Menikah 2' Bocorkan Pemeran Ayu di Klip Soundtrack,Hiburan
"Bad Boys for Life', Masih Tentang Misi Pencarian Target Kejahatan",Hiburan
Tantangan Tissa Biani Jadi Nur di 'KKN: Di Desa Penari',Hiburan
"Sempat Gemuk, Verrell Bramasta Pernah Jadi Korban Bully di Sekolah",Hiburan
"Main Film Horror Lagi, Aghniny Haque Tak Kapok",Hiburan
"Sempat Diisukan Akan Tampil, Taylor Swift Tolak Manggung di Grammy?",Hiburan
Kate Middleton Pernah Merasa 'Terisolasi' Saat Pangeran George Masih Bayi,Hiburan
"Jajal Jadi Produser, Rio Dewanto Belajar dari 'NKCTHI'",Hiburan
Andrea Hirata Segera Rilis Karya Ke-12 Berjudul 'Guru Aini',Hiburan
Sophie Turner Ogah Tampil di Prekuel 'Game of Thrones',Hiburan
"Aghniny Haque, si Ayu di 'KKN di Desa Penari'",Hiburan
BTS Bakal Tampil Bareng Lil Nas X di Grammy Awards 2020?,Hiburan
"Dipecat dari Grammy Awards, Deborah Dugan Ungkap soal KKN",Hiburan
Henky Solaiman Pamit dari Sinetron karena Kanker Kolon,Hiburan
Sekuel 'Captain Marvel' Sedang Digarap,Hiburan
Ariana Grande Pamer Foto Bareng BTS Jelang Grammy Awards 2020,Hiburan
Tissa Biani Kepikiran Berhijab Usai Jadi Nur di 'KKN di Desa Penari',Hiburan
"2021, Publik Bisa Akses Bebas Novel Klasik 'The Great Gatsby'",Hiburan
Prekuel Novel 'Hunger Games' soal Presiden Snow,Hiburan
Polisi Tutup Kasus Pelanggaran Lalu Lintas Jungkook 'BTS',Hiburan
Mantap! Zayn Malik Donasikan Rp 177 Juta bagi Gadis Pengidap Kanker,Hiburan
"1917', Film Nominasi Oscar Karya Sam Mendes",Hiburan
Black Widow Hadapi Aliansi Musuh yang Mematikan,Hiburan
Tanggapan Cast 'Dignitate' soal Disebut Mirip Film 'Dilan',Hiburan
K-Talk Ep 23: Kisah Presiden BLINK Rela Keliling Dunia demi BLACKPINK,Hiburan
K-Talk Ep. 23: Suka-duka Jadi President BLINK Indonesia,Hiburan
"Sinopsis 'Akhir Kisah Cinta Si Doel', Pilih Sarah atau Zaenab?",Hiburan
Sobat Ambyar! Lord Didi Kempot Mau Gelar Konser Eksklusif di Jakarta,Hiburan
Miles Morales 'Spider-Man' Diperkenalkan Kembali,Hiburan
Scarlett Johansson Curhat Perjuangan saat Syuting 'Marriage Story',Hiburan
Nikita Mirzani-Marsha Aruan Ramaikan Program Unggulan Trans TV,Hiburan
Jang Ki Yong dan Lee Soo Hyuk Dikabarkan Main Drama Bareng,Hiburan
Miniseri 'Star Trek: Deep Space Nine' Diumumkan!,Hiburan
"Jelang Nikah, Jessica Iskandar-Richard Kyle Makin Lengket",Hiburan
"Daftar Karakter Animasi BoboiBoy, Manakah yang Jadi Favoritmu?",Hiburan
"Sinopsis Film 'Dignitate', Kisah Cinta Al Ghazali dan Caitlin Halderman",Hiburan
Mantap! Netizen Puji Marsha Aruan sebagai 'Ratu TikTok',Hiburan
"Sukses Lewat 'Parasite', Choi Woo Sik Kini Bintangi Film Garapan A24",Hiburan
"Heboh Kourtney Kardashian Dikabarkan Hamil, Ini Asalnya",Hiburan
"Tak Pakai Topi, Refal Hady Tak Percaya Diri",Hiburan
Jakarta Block Party' Siap Sulap 5 Kawasan SCBD,Hiburan
Heboh Pengakuan Tom Hanks dan Istri Positif Corona,Hiburan
Geger 'The Simpsons' Sudah Prediksi Tom Hanks Positif Corona,Hiburan
"Hindari Corona di Australia, Katy Perry Tutupi Wajah dengan Bantal",Hiburan
Perilisan 'Mulan' dan 'Fast and Furious 9' Diundur Gegara Corona,Hiburan
"Imbas Virus Corona, Penayangan 'Mulan' Ditunda",Hiburan
"Kasus Corona di AS Meningkat, Disneyland California Tutup!",Hiburan
7 Film Hollywood yang Ditunda karena Corona,Hiburan
Museum Seni di New York Ditutup Sementara Imbas Corona,Hiburan
V 'BTS' Ungkap Perasaannya Nyanyikan dan Produksi OST 'Itaewon Class',Hiburan
Giliran Avril Lavigne Batalkan Tur karena Corona,Hiburan
V 'BTS' Terima Ajakan Kolaborasi Member New Hope Club,Hiburan
Jessica Iskandar Gelar Bridal Shower Jelang Nikah,Hiburan
Ju Ji-hoon Tak Pilih Kasih untuk 'Kingdom' dan 'Hyena',Hiburan
Kim Woo Bin Mulai Syuting Film 'Alien' Akhir Maret,Hiburan
"Khawatir Corona, Katy Perry Pilih Kunci Diri dan Tak Mau Diwawancara",Hiburan
"Tayang Hari Ini, Yuk Intip Fakta-fakta Musim Kedua 'Kingdom'",Hiburan
"KKN di Desa Penari' Ditunda, Ini Alasannya",Hiburan
"Tak Cuma Museum, Panggung Broadway di New York Ditutup Sebulan",Hiburan
Wajah Semringah Cita Citata Jelang Jadi Manten,Hiburan
"Masih karena Corona, The Strokes Tunda Konser hingga Mei 2020",Hiburan
"Syuting Ditunda, Sutradara 'Shang-Chi' Dikabarkan Kena Virus Corona",Hiburan
Stolen' Tayang di Bioskop Trans TV Malam Ini,Hiburan
"20 Tahun Berkarya, Wali Luncurkan Album 'WALI 20.20'",Hiburan
"Eksklusif! Julian Jacob, Lagu dan Kehidupan Cintanya",Hiburan
Changmin 'TVXQ' Bakal Rilis Album Solo Perdana,Hiburan
Cerita Bahagia Cinta Penelope dan Taha Gokhan yang Resmi Menikah,Hiburan
Taeyeon: 9 Maret Akan Jadi Hari yang Tak Akan Aku Lupakan,Hiburan
Episode 1 'Kingdom' Musim Kedua: Pertarungan dengan Zombie Dimulai,Hiburan
"Film Bioskop Trans TV Malam Ini, 'Stolen' dan 'Get The Gringo'",Hiburan